floors,layout,per_room_occ,responders,best_ms
1,BASELINE,1,1,423.6098348886976
1,BASELINE,1,2,330.22492700373016
1,BASELINE,1,3,238.43171677461777
1,BASELINE,1,5,226.42645954828288
1,BASELINE,1,7,185.43171677461777
1,BASELINE,2,1,471.6098348886976
1,BASELINE,2,2,362.22492700373016
1,BASELINE,2,3,254.43171677461777
1,BASELINE,2,5,242.42645954828288
1,BASELINE,2,7,193.43171677461777
1,BASELINE,3,1,519.6098348886976
1,BASELINE,3,2,394.22492700373016
1,BASELINE,3,3,270.43171677461777
1,BASELINE,3,5,258.4264595482829
1,BASELINE,3,7,201.43171677461777
1,BASELINE,4,1,567.6098348886976
1,BASELINE,4,2,426.22492700373016
1,BASELINE,4,3,286.43171677461777
1,BASELINE,4,5,274.4264595482829
1,BASELINE,4,7,209.43171677461777
1,BASELINE,5,1,615.6098348886976
1,BASELINE,5,2,458.22492700373016
1,BASELINE,5,3,302.43171677461777
1,BASELINE,5,5,290.4264595482829
1,BASELINE,5,7,217.43171677461777
1,BASELINE,6,1,663.6098348886976
1,BASELINE,6,2,490.22492700373016
1,BASELINE,6,3,318.43171677461777
1,BASELINE,6,5,306.4264595482829
1,BASELINE,6,7,225.43171677461777
1,BASELINE,7,1,711.6098348886976
1,BASELINE,7,2,522.2249270037302
1,BASELINE,7,3,334.4317167746178
1,BASELINE,7,5,322.4264595482829
1,BASELINE,7,7,233.43171677461777
1,BASELINE,8,1,759.6098348886976
1,BASELINE,8,2,554.2249270037302
1,BASELINE,8,3,350.4317167746178
1,BASELINE,8,5,338.4264595482829
1,BASELINE,8,7,241.43171677461777
1,BASELINE,9,1,807.6098348886976
1,BASELINE,9,2,586.2249270037302
1,BASELINE,9,3,366.4317167746178
1,BASELINE,9,5,354.4264595482829
1,BASELINE,9,7,249.43171677461777
1,BASELINE,10,1,855.6098348886976
1,BASELINE,10,2,618.2249270037302
1,BASELINE,10,3,382.4317167746178
1,BASELINE,10,5,370.4264595482829
1,BASELINE,10,7,257.43171677461777
1,L,1,1,589.2533832709003
1,L,1,2,476.2933583021169
1,L,1,3,352.0
1,L,1,5,275.2899020449196
1,L,1,7,217.4073503395199
1,L,1,9,202.2007106386717
1,L,2,1,661.2533832709004
1,L,2,2,532.2933583021169
1,L,2,3,384.0
1,L,2,5,299.2899020449196
1,L,2,7,233.4073503395199
1,L,2,9,218.2007106386717
1,L,3,1,733.2533832709004
1,L,3,2,588.2933583021169
1,L,3,3,416.0
1,L,3,5,323.2899020449196
1,L,3,7,249.4073503395199
1,L,3,9,234.2007106386717
1,L,4,1,805.2533832709004
1,L,4,2,644.2933583021169
1,L,4,3,448.00000000000006
1,L,4,5,347.2899020449196
1,L,4,7,265.4073503395199
1,L,4,9,250.2007106386717
1,L,5,1,877.2533832709003
1,L,5,2,700.2933583021168
1,L,5,3,480.00000000000006
1,L,5,5,371.2899020449196
1,L,5,7,281.4073503395199
1,L,5,9,266.2007106386717
1,L,6,1,949.2533832709004
1,L,6,2,756.2933583021168
1,L,6,3,512.0
1,L,6,5,395.2899020449196
1,L,6,7,297.4073503395199
1,L,6,9,282.2007106386717
1,L,7,1,1021.2533832709004
1,L,7,2,812.2933583021168
1,L,7,3,544.0
1,L,7,5,419.2899020449196
1,L,7,7,313.4073503395199
1,L,7,9,298.2007106386717
1,L,8,1,1093.2533832709005
1,L,8,2,868.2933583021168
1,L,8,3,576.0
1,L,8,5,443.2899020449196
1,L,8,7,329.4073503395199
1,L,8,9,314.2007106386717
1,L,9,1,1165.2533832709005
1,L,9,2,924.2933583021168
1,L,9,3,608.0
1,L,9,5,467.2899020449196
1,L,9,7,345.4073503395199
1,L,9,9,330.2007106386717
1,L,10,1,1237.2533832709005
1,L,10,2,980.2933583021168
1,L,10,3,640.0
1,L,10,5,491.2899020449196
1,L,10,7,361.4073503395199
1,L,10,9,346.2007106386717
1,T,1,1,577.585381369629
1,T,1,2,455.16420750110433
1,T,1,3,341.16420750110433
1,T,1,5,290.884226227692
1,T,1,7,257.054294125778
1,T,1,9,243.01986961148376
1,T,2,1,649.5853813696289
1,T,2,2,511.16420750110433
1,T,2,3,373.1642075011045
1,T,2,5,314.884226227692
1,T,2,7,273.054294125778
1,T,2,9,259.0198696114837
1,T,3,1,721.5853813696289
1,T,3,2,567.1642075011043
1,T,3,3,405.1642075011045
1,T,3,5,338.884226227692
1,T,3,7,289.054294125778
1,T,3,9,275.0198696114837
1,T,4,1,793.585381369629
1,T,4,2,623.1642075011043
1,T,4,3,437.1642075011045
1,T,4,5,362.884226227692
1,T,4,7,305.054294125778
1,T,4,9,291.0198696114837
1,T,5,1,865.585381369629
1,T,5,2,679.1642075011043
1,T,5,3,469.1642075011045
1,T,5,5,386.884226227692
1,T,5,7,321.0542941257779
1,T,5,9,307.0198696114837
1,T,6,1,937.585381369629
1,T,6,2,735.1642075011043
1,T,6,3,501.1642075011045
1,T,6,5,410.884226227692
1,T,6,7,337.0542941257779
1,T,6,9,323.0198696114837
1,T,7,1,1009.585381369629
1,T,7,2,791.1642075011043
1,T,7,3,533.1642075011044
1,T,7,5,434.884226227692
1,T,7,7,353.0542941257779
1,T,7,9,339.0198696114837
1,T,8,1,1081.585381369629
1,T,8,2,847.1642075011043
1,T,8,3,565.1642075011043
1,T,8,5,458.884226227692
1,T,8,7,369.0542941257779
1,T,8,9,355.0198696114837
1,T,9,1,1153.585381369629
1,T,9,2,903.1642075011044
1,T,9,3,597.1642075011043
1,T,9,5,482.884226227692
1,T,9,7,385.0542941257779
1,T,9,9,371.0198696114837
1,T,10,1,1225.585381369629
1,T,10,2,959.1642075011044
1,T,10,3,629.1642075011043
1,T,10,5,506.884226227692
1,T,10,7,401.0542941257779
1,T,10,9,387.0198696114837
2,BASELINE,1,1,1002.3760951120786
2,BASELINE,1,2,775.6649698902376
2,BASELINE,1,3,577.6050099665601
2,BASELINE,1,5,500.51142542097693
2,BASELINE,1,7,483.6933372858086
2,BASELINE,1,9,443.43802981535254
2,BASELINE,2,1,1098.3760951120785
2,BASELINE,2,2,839.6649698902376
2,BASELINE,2,3,609.6050099665601
2,BASELINE,2,5,524.5114254209769
2,BASELINE,2,7,499.6933372858086
2,BASELINE,2,9,459.43802981535254
2,BASELINE,3,1,1194.3760951120787
2,BASELINE,3,2,903.6649698902376
2,BASELINE,3,3,641.6050099665601
2,BASELINE,3,5,548.5114254209769
2,BASELINE,3,7,515.6933372858086
2,BASELINE,3,9,475.43802981535254
2,BASELINE,4,1,1290.3760951120787
2,BASELINE,4,2,967.6649698902376
2,BASELINE,4,3,673.6050099665601
2,BASELINE,4,5,572.5114254209769
2,BASELINE,4,7,531.6933372858086
2,BASELINE,4,9,491.43802981535254
2,BASELINE,5,1,1386.3760951120787
2,BASELINE,5,2,1031.6649698902374
2,BASELINE,5,3,705.6050099665601
2,BASELINE,5,5,596.5114254209769
2,BASELINE,5,7,547.6933372858086
2,BASELINE,5,9,507.43802981535254
2,BASELINE,6,1,1482.3760951120787
2,BASELINE,6,2,1095.6649698902374
2,BASELINE,6,3,737.6050099665601
2,BASELINE,6,5,620.5114254209769
2,BASELINE,6,7,563.6933372858086
2,BASELINE,6,9,523.4380298153526
2,BASELINE,7,1,1578.3760951120787
2,BASELINE,7,2,1159.6649698902374
2,BASELINE,7,3,769.6050099665603
2,BASELINE,7,5,644.5114254209769
2,BASELINE,7,7,579.6933372858086
2,BASELINE,7,9,539.4380298153526
2,BASELINE,8,1,1674.3760951120787
2,BASELINE,8,2,1223.6649698902374
2,BASELINE,8,3,801.6050099665603
2,BASELINE,8,5,668.5114254209769
2,BASELINE,8,7,595.6933372858086
2,BASELINE,8,9,555.4380298153526
2,BASELINE,9,1,1770.3760951120787
2,BASELINE,9,2,1287.6649698902374
2,BASELINE,9,3,833.6050099665603
2,BASELINE,9,5,692.5114254209769
2,BASELINE,9,7,611.6933372858086
2,BASELINE,9,9,571.4380298153526
2,BASELINE,10,1,1866.3760951120787
2,BASELINE,10,2,1351.6649698902374
2,BASELINE,10,3,865.6050099665603
2,BASELINE,10,5,716.5114254209769
2,BASELINE,10,7,627.6933372858086
2,BASELINE,10,9,587.4380298153526
2,L,1,1,1256.7798935473024
2,L,1,2,797.819868578519
2,L,1,3,782.6915919181864
2,L,1,4,630.2671939492554
2,L,1,5,620.1690200217608
2,L,1,6,512.2431257767278
2,L,1,9,474.4623783238778
2,L,1,10,395.6117391217525
2,L,2,1,1400.7798935473024
2,L,2,2,869.819868578519
2,L,2,3,854.6915919181864
2,L,2,4,670.2671939492554
2,L,2,5,660.1690200217608
2,L,2,6,536.2431257767278
2,L,2,9,498.4623783238778
2,L,2,10,411.6117391217525
2,L,3,1,1544.7798935473022
2,L,3,2,941.819868578519
2,L,3,3,926.6915919181864
2,L,3,4,710.2671939492554
2,L,3,5,700.1690200217608
2,L,3,6,560.2431257767278
2,L,3,9,522.4623783238777
2,L,3,10,427.6117391217525
2,L,4,1,1688.7798935473022
2,L,4,2,1013.819868578519
2,L,4,3,998.6915919181864
2,L,4,4,750.2671939492554
2,L,4,5,740.169020021761
2,L,4,6,584.2431257767278
2,L,4,9,546.4623783238777
2,L,4,10,443.6117391217525
2,L,5,1,1832.7798935473024
2,L,5,2,1085.8198685785192
2,L,5,3,1070.6915919181863
2,L,5,4,790.2671939492554
2,L,5,5,780.169020021761
2,L,5,6,608.2431257767278
2,L,5,9,570.4623783238777
2,L,5,10,459.6117391217525
2,L,6,1,1976.7798935473024
2,L,6,2,1157.8198685785192
2,L,6,3,1142.691591918186
2,L,6,4,830.2671939492554
2,L,6,5,820.169020021761
2,L,6,6,632.2431257767278
2,L,6,9,594.4623783238777
2,L,6,10,475.6117391217525
2,L,7,1,2120.779893547302
2,L,7,2,1229.8198685785192
2,L,7,3,1214.691591918186
2,L,7,4,870.2671939492554
2,L,7,5,860.1690200217608
2,L,7,6,656.2431257767278
2,L,7,9,618.4623783238777
2,L,7,10,491.6117391217525
2,L,8,1,2264.779893547302
2,L,8,2,1301.8198685785194
2,L,8,3,1286.691591918186
2,L,8,4,910.2671939492556
2,L,8,5,900.1690200217608
2,L,8,6,680.2431257767278
2,L,8,9,642.4623783238778
2,L,8,10,507.6117391217525
2,L,9,1,2408.779893547303
2,L,9,2,1373.8198685785194
2,L,9,3,1358.691591918186
2,L,9,4,950.2671939492556
2,L,9,5,940.1690200217608
2,L,9,6,704.2431257767278
2,L,9,9,666.4623783238778
2,L,9,10,523.6117391217525
2,L,10,1,2552.779893547303
2,L,10,2,1445.8198685785194
2,L,10,3,1430.6915919181863
2,L,10,4,990.2671939492556
2,L,10,5,980.1690200217608
2,L,10,6,728.2431257767278
2,L,10,9,690.4623783238778
2,L,10,10,539.6117391217525
2,T,1,1,1311.2369776220594
2,T,1,2,1032.332130995326
2,T,1,3,737.8724707511051
2,T,1,5,646.5703817868331
2,T,1,7,583.9697421683957
2,T,1,9,522.512765316678
2,T,2,1,1455.2369776220592
2,T,2,2,1144.332130995326
2,T,2,3,793.8724707511051
2,T,2,5,686.5703817868332
2,T,2,7,615.9697421683957
2,T,2,9,546.512765316678
2,T,3,1,1599.2369776220592
2,T,3,2,1256.332130995326
2,T,3,3,849.8724707511051
2,T,3,5,726.5703817868331
2,T,3,7,647.9697421683957
2,T,3,9,570.512765316678
2,T,4,1,1743.2369776220592
2,T,4,2,1368.332130995326
2,T,4,3,905.8724707511052
2,T,4,5,766.5703817868331
2,T,4,7,679.9697421683957
2,T,4,9,594.512765316678
2,T,5,1,1887.236977622059
2,T,5,2,1480.332130995326
2,T,5,3,961.8724707511052
2,T,5,5,806.5703817868331
2,T,5,7,711.9697421683957
2,T,5,9,618.512765316678
2,T,6,1,2031.2369776220592
2,T,6,2,1592.3321309953258
2,T,6,3,1017.8724707511052
2,T,6,5,846.5703817868331
2,T,6,7,743.9697421683957
2,T,6,9,642.512765316678
2,T,7,1,2175.236977622059
2,T,7,2,1704.3321309953258
2,T,7,3,1073.872470751105
2,T,7,5,886.5703817868331
2,T,7,7,775.9697421683957
2,T,7,9,666.512765316678
2,T,8,1,2319.236977622059
2,T,8,2,1816.3321309953255
2,T,8,3,1129.872470751105
2,T,8,5,926.5703817868332
2,T,8,7,807.9697421683957
2,T,8,9,690.512765316678
2,T,9,1,2463.236977622059
2,T,9,2,1928.3321309953255
2,T,9,3,1185.872470751105
2,T,9,5,966.5703817868332
2,T,9,7,839.9697421683957
2,T,9,9,714.512765316678
2,T,10,1,2607.236977622059
2,T,10,2,2040.3321309953255
2,T,10,3,1241.872470751105
2,T,10,5,1006.5703817868332
2,T,10,7,871.9697421683957
2,T,10,9,738.512765316678
3,BASELINE,1,1,1778.300476854566
3,BASELINE,1,2,1407.5691678377475
3,BASELINE,1,3,1094.6775452343545
3,BASELINE,1,5,985.6258695807314
3,BASELINE,1,7,961.8479818269188
3,BASELINE,1,9,893.4284558098301
3,BASELINE,2,1,1922.300476854566
3,BASELINE,2,2,1503.5691678377475
3,BASELINE,2,3,1142.6775452343545
3,BASELINE,2,5,1017.6258695807314
3,BASELINE,2,7,985.8479818269188
3,BASELINE,2,9,917.42845580983
3,BASELINE,3,1,2066.300476854566
3,BASELINE,3,2,1599.5691678377475
3,BASELINE,3,3,1190.6775452343545
3,BASELINE,3,5,1049.6258695807314
3,BASELINE,3,7,1009.8479818269188
3,BASELINE,3,9,941.42845580983
3,BASELINE,4,1,2210.300476854566
3,BASELINE,4,2,1695.5691678377475
3,BASELINE,4,3,1238.6775452343545
3,BASELINE,4,5,1081.6258695807314
3,BASELINE,4,7,1033.8479818269188
3,BASELINE,4,9,965.42845580983
3,BASELINE,5,1,2354.300476854566
3,BASELINE,5,2,1791.5691678377475
3,BASELINE,5,3,1286.6775452343545
3,BASELINE,5,5,1113.6258695807314
3,BASELINE,5,7,1057.8479818269188
3,BASELINE,5,9,989.42845580983
3,BASELINE,6,1,2498.300476854566
3,BASELINE,6,2,1887.5691678377475
3,BASELINE,6,3,1334.6775452343545
3,BASELINE,6,5,1145.6258695807314
3,BASELINE,6,7,1081.8479818269188
3,BASELINE,6,9,1013.42845580983
3,BASELINE,7,1,2642.300476854566
3,BASELINE,7,2,1983.5691678377475
3,BASELINE,7,3,1382.6775452343545
3,BASELINE,7,5,1177.6258695807314
3,BASELINE,7,7,1105.8479818269188
3,BASELINE,7,9,1037.4284558098302
3,BASELINE,8,1,2786.300476854566
3,BASELINE,8,2,2079.5691678377475
3,BASELINE,8,3,1430.6775452343545
3,BASELINE,8,5,1209.6258695807314
3,BASELINE,8,7,1129.8479818269188
3,BASELINE,8,9,1061.4284558098302
3,BASELINE,9,1,2930.300476854566
3,BASELINE,9,2,2175.5691678377475
3,BASELINE,9,3,1478.6775452343545
3,BASELINE,9,5,1241.6258695807314
3,BASELINE,9,7,1153.8479818269188
3,BASELINE,9,9,1085.4284558098302
3,BASELINE,10,1,3074.300476854566
3,BASELINE,10,2,2271.5691678377475
3,BASELINE,10,3,1526.6775452343545
3,BASELINE,10,5,1273.6258695807314
3,BASELINE,10,7,1177.8479818269188
3,BASELINE,10,9,1109.4284558098302
3,L,1,1,2103.7440467051115
3,L,1,2,1644.784021736328
3,L,1,3,1239.3987473025193
3,L,1,5,1102.1761505605944
3,L,1,7,1047.5740288015213
3,L,1,9,859.8741022894374
3,L,2,1,2319.744046705111
3,L,2,2,1788.784021736328
3,L,2,3,1311.3987473025193
3,L,2,5,1150.1761505605944
3,L,2,7,1087.5740288015213
3,L,2,9,891.8741022894374
3,L,3,1,2535.7440467051115
3,L,3,2,1932.784021736328
3,L,3,3,1383.3987473025195
3,L,3,5,1198.1761505605944
3,L,3,7,1127.5740288015213
3,L,3,9,923.8741022894374
3,L,4,1,2751.744046705112
3,L,4,2,2076.784021736328
3,L,4,3,1455.3987473025195
3,L,4,5,1246.1761505605944
3,L,4,7,1167.5740288015213
3,L,4,9,955.8741022894374
3,L,5,1,2967.744046705112
3,L,5,2,2220.784021736328
3,L,5,3,1527.3987473025195
3,L,5,5,1294.1761505605944
3,L,5,7,1207.5740288015213
3,L,5,9,987.8741022894374
3,L,6,1,3183.744046705112
3,L,6,2,2364.784021736328
3,L,6,3,1599.3987473025195
3,L,6,5,1342.1761505605944
3,L,6,7,1247.5740288015213
3,L,6,9,1019.8741022894374
3,L,7,1,3399.744046705112
3,L,7,2,2508.784021736328
3,L,7,3,1671.3987473025195
3,L,7,5,1390.1761505605944
3,L,7,7,1287.5740288015213
3,L,7,9,1051.8741022894374
3,L,8,1,3615.744046705112
3,L,8,2,2652.7840217363287
3,L,8,3,1743.3987473025195
3,L,8,5,1438.1761505605944
3,L,8,7,1327.5740288015213
3,L,8,9,1083.8741022894374
3,L,9,1,3831.744046705112
3,L,9,2,2796.784021736329
3,L,9,3,1815.3987473025195
3,L,9,5,1486.1761505605944
3,L,9,7,1367.5740288015213
3,L,9,9,1115.8741022894374
3,L,10,1,4047.744046705112
3,L,10,2,2940.784021736329
3,L,10,3,1887.3987473025195
3,L,10,5,1534.1761505605944
3,L,10,7,1407.5740288015213
3,L,10,9,1147.8741022894374
3,T,1,1,2232.5654784514068
3,T,1,2,1798.144304582882
3,T,1,3,1389.6846443386612
3,T,1,5,1193.2015057586616
3,T,1,7,1107.310531884981
3,T,1,9,1050.0356165156936
3,T,2,1,2448.5654784514068
3,T,2,2,1966.144304582882
3,T,2,3,1477.6846443386612
3,T,2,5,1249.2015057586616
3,T,2,7,1155.310531884981
3,T,2,9,1090.0356165156936
3,T,3,1,2664.5654784514068
3,T,3,2,2134.1443045828823
3,T,3,3,1565.6846443386614
3,T,3,5,1305.2015057586616
3,T,3,7,1203.310531884981
3,T,3,9,1130.0356165156936
3,T,4,1,2880.565478451407
3,T,4,2,2302.1443045828823
3,T,4,3,1653.6846443386614
3,T,4,5,1361.2015057586616
3,T,4,7,1251.310531884981
3,T,4,9,1170.0356165156936
3,T,5,1,3096.565478451407
3,T,5,2,2470.1443045828823
3,T,5,3,1741.6846443386614
3,T,5,5,1417.2015057586616
3,T,5,7,1299.310531884981
3,T,5,9,1210.0356165156936
3,T,6,1,3312.565478451407
3,T,6,2,2638.144304582882
3,T,6,3,1829.6846443386617
3,T,6,5,1473.2015057586616
3,T,6,7,1347.310531884981
3,T,6,9,1250.0356165156936
3,T,7,1,3528.565478451407
3,T,7,2,2806.144304582883
3,T,7,3,1917.6846443386617
3,T,7,5,1529.2015057586616
3,T,7,7,1395.310531884981
3,T,7,9,1290.0356165156936
3,T,8,1,3744.565478451407
3,T,8,2,2974.144304582883
3,T,8,3,2005.6846443386617
3,T,8,5,1585.2015057586616
3,T,8,7,1443.310531884981
3,T,8,9,1330.0356165156936
3,T,9,1,3960.565478451407
3,T,9,2,3142.144304582883
3,T,9,3,2093.6846443386617
3,T,9,5,1641.2015057586616
3,T,9,7,1491.310531884981
3,T,9,9,1370.0356165156936
3,T,10,1,4176.565478451407
3,T,10,2,3310.144304582883
3,T,10,3,2181.6846443386617
3,T,10,5,1697.2015057586616
3,T,10,7,1539.310531884981
3,T,10,9,1410.0356165156936
4,BASELINE,1,1,2753.2442615698255
4,BASELINE,1,2,2234.5510610486986
4,BASELINE,1,3,1803.353677659887
4,BASELINE,1,5,1693.8811800094145
4,BASELINE,1,7,1632.0948569564928
4,BASELINE,1,9,1518.2868525102415
4,BASELINE,2,1,2945.2442615698255
4,BASELINE,2,2,2362.5510610486986
4,BASELINE,2,3,1867.353677659887
4,BASELINE,2,5,1741.8811800094145
4,BASELINE,2,7,1664.0948569564928
4,BASELINE,2,9,1550.2868525102415
4,BASELINE,3,1,3137.2442615698255
4,BASELINE,3,2,2490.5510610486986
4,BASELINE,3,3,1931.353677659887
4,BASELINE,3,5,1789.8811800094145
4,BASELINE,3,7,1696.0948569564928
4,BASELINE,3,9,1582.2868525102415
4,BASELINE,4,1,3329.2442615698255
4,BASELINE,4,2,2618.5510610486986
4,BASELINE,4,3,1995.353677659887
4,BASELINE,4,5,1837.8811800094145
4,BASELINE,4,7,1728.0948569564928
4,BASELINE,4,9,1614.2868525102415
4,BASELINE,5,1,3521.2442615698255
4,BASELINE,5,2,2746.5510610486986
4,BASELINE,5,3,2059.3536776598867
4,BASELINE,5,5,1885.8811800094145
4,BASELINE,5,7,1760.0948569564928
4,BASELINE,5,9,1646.2868525102415
4,BASELINE,6,1,3713.2442615698255
4,BASELINE,6,2,2874.5510610486986
4,BASELINE,6,3,2123.3536776598867
4,BASELINE,6,5,1933.8811800094145
4,BASELINE,6,7,1792.0948569564928
4,BASELINE,6,9,1678.2868525102415
4,BASELINE,7,1,3905.2442615698255
4,BASELINE,7,2,3002.5510610486986
4,BASELINE,7,3,2187.3536776598867
4,BASELINE,7,5,1981.8811800094145
4,BASELINE,7,7,1824.0948569564928
4,BASELINE,7,9,1710.2868525102415
4,BASELINE,8,1,4097.2442615698255
4,BASELINE,8,2,3130.5510610486986
4,BASELINE,8,3,2251.3536776598867
4,BASELINE,8,5,2029.8811800094145
4,BASELINE,8,7,1856.0948569564928
4,BASELINE,8,9,1742.2868525102415
4,BASELINE,9,1,4289.2442615698255
4,BASELINE,9,2,3258.5510610486986
4,BASELINE,9,3,2315.3536776598867
4,BASELINE,9,5,2077.881180009414
4,BASELINE,9,7,1888.0948569564928
4,BASELINE,9,9,1774.2868525102415
4,BASELINE,10,1,4481.244261569825
4,BASELINE,10,2,3386.5510610486986
4,BASELINE,10,3,2379.353677659886
4,BASELINE,10,5,2125.881180009414
4,BASELINE,10,7,1920.0948569564928
4,BASELINE,10,9,1806.2868525102415
4,L,1,1,3142.781295298891
4,L,1,2,2683.8212703301074
4,L,1,3,2123.796576716261
4,L,1,5,1883.756410479269
4,L,1,7,1716.5588820424125
4,L,1,9,1552.263764896578
4,L,2,1,3430.781295298891
4,L,2,2,2899.8212703301074
4,L,2,3,2235.796576716262
4,L,2,5,1955.756410479269
4,L,2,7,1772.5588820424125
4,L,2,9,1600.263764896578
4,L,3,1,3718.781295298891
4,L,3,2,3115.8212703301074
4,L,3,3,2347.796576716262
4,L,3,5,2027.756410479269
4,L,3,7,1828.5588820424125
4,L,3,9,1648.263764896578
4,L,4,1,4006.781295298892
4,L,4,2,3331.8212703301074
4,L,4,3,2459.796576716261
4,L,4,5,2099.756410479269
4,L,4,7,1884.5588820424125
4,L,4,9,1696.263764896578
4,L,5,1,4294.781295298892
4,L,5,2,3547.8212703301074
4,L,5,3,2571.796576716261
4,L,5,5,2171.756410479269
4,L,5,7,1940.5588820424125
4,L,5,9,1744.263764896578
4,L,6,1,4582.781295298892
4,L,6,2,3763.8212703301074
4,L,6,3,2683.796576716261
4,L,6,5,2243.756410479269
4,L,6,7,1996.5588820424125
4,L,6,9,1792.263764896578
4,L,7,1,4870.78129529889
4,L,7,2,3979.821270330108
4,L,7,3,2795.796576716261
4,L,7,5,2315.756410479269
4,L,7,7,2052.5588820424127
4,L,7,9,1840.263764896578
4,L,8,1,5158.78129529889
4,L,8,2,4195.821270330109
4,L,8,3,2907.796576716261
4,L,8,5,2387.7564104792687
4,L,8,7,2108.5588820424127
4,L,8,9,1888.263764896578
4,L,9,1,5446.78129529889
4,L,9,2,4411.821270330109
4,L,9,3,3019.7965767162605
4,L,9,5,2459.7564104792687
4,L,9,7,2164.5588820424127
4,L,9,9,1936.263764896578
4,L,10,1,5734.78129529889
4,L,10,2,4627.821270330109
4,L,10,3,3131.7965767162605
4,L,10,5,2531.7564104792687
4,L,10,7,2220.5588820424127
4,L,10,9,1984.263764896578
4,T,1,1,3351.062704175487
4,T,1,2,2760.4537970331075
4,T,1,3,2171.357585920505
4,T,1,5,1987.9168098355403
4,T,1,7,1836.0571295484096
4,T,1,9,1755.3058076968882
4,T,2,1,3639.062704175487
4,T,2,2,2984.4537970331075
4,T,2,3,2283.357585920505
4,T,2,5,2067.9168098355403
4,T,2,7,1892.0571295484096
4,T,2,9,1803.305807696888
4,T,3,1,3927.062704175487
4,T,3,2,3208.4537970331075
4,T,3,3,2395.357585920505
4,T,3,5,2147.9168098355403
4,T,3,7,1948.0571295484096
4,T,3,9,1851.305807696888
4,T,4,1,4215.062704175487
4,T,4,2,3432.4537970331075
4,T,4,3,2507.357585920505
4,T,4,5,2227.9168098355403
4,T,4,7,2004.0571295484096
4,T,4,9,1899.305807696888
4,T,5,1,4503.062704175487
4,T,5,2,3656.453797033107
4,T,5,3,2619.3575859205043
4,T,5,5,2307.9168098355403
4,T,5,7,2060.0571295484096
4,T,5,9,1947.305807696888
4,T,6,1,4791.062704175487
4,T,6,2,3880.453797033107
4,T,6,3,2731.3575859205043
4,T,6,5,2387.9168098355403
4,T,6,7,2116.0571295484096
4,T,6,9,1995.305807696888
4,T,7,1,5079.062704175487
4,T,7,2,4104.453797033108
4,T,7,3,2843.3575859205043
4,T,7,5,2467.9168098355403
4,T,7,7,2172.0571295484096
4,T,7,9,2043.305807696888
4,T,8,1,5367.062704175486
4,T,8,2,4328.453797033108
4,T,8,3,2955.3575859205043
4,T,8,5,2547.9168098355403
4,T,8,7,2228.0571295484096
4,T,8,9,2091.305807696888
4,T,9,1,5655.062704175486
4,T,9,2,4552.453797033108
4,T,9,3,3067.3575859205043
4,T,9,5,2627.9168098355403
4,T,9,7,2284.0571295484096
4,T,9,9,2139.305807696888
4,T,10,1,5943.062704175486
4,T,10,2,4776.453797033108
4,T,10,3,3179.3575859205043
4,T,10,5,2707.9168098355403
4,T,10,7,2340.0571295484096
4,T,10,9,2187.305807696888
5,BASELINE,1,1,3927.7071173575064
5,BASELINE,1,2,3259.0359171393197
5,BASELINE,1,3,2707.6915103598712
5,BASELINE,1,5,2530.464995968084
5,BASELINE,1,7,2498.186706397792
5,BASELINE,1,9,2219.3684925841453
5,BASELINE,2,1,4167.707117357507
5,BASELINE,2,2,3419.0359171393197
5,BASELINE,2,3,2787.6915103598712
5,BASELINE,2,5,2586.464995968084
5,BASELINE,2,7,2538.186706397792
5,BASELINE,2,9,2251.3684925841453
5,BASELINE,3,1,4407.707117357507
5,BASELINE,3,2,3579.0359171393197
5,BASELINE,3,3,2867.6915103598712
5,BASELINE,3,5,2642.464995968084
5,BASELINE,3,7,2578.186706397792
5,BASELINE,3,9,2283.3684925841453
5,BASELINE,4,1,4647.707117357507
5,BASELINE,4,2,3739.03591713932
5,BASELINE,4,3,2947.6915103598712
5,BASELINE,4,5,2698.464995968084
5,BASELINE,4,7,2618.186706397792
5,BASELINE,4,9,2315.3684925841453
5,BASELINE,5,1,4887.707117357507
5,BASELINE,5,2,3899.03591713932
5,BASELINE,5,3,3027.6915103598712
5,BASELINE,5,5,2754.464995968084
5,BASELINE,5,7,2658.186706397792
5,BASELINE,5,9,2347.3684925841453
5,BASELINE,6,1,5127.707117357507
5,BASELINE,6,2,4059.03591713932
5,BASELINE,6,3,3107.6915103598712
5,BASELINE,6,5,2810.464995968084
5,BASELINE,6,7,2698.186706397792
5,BASELINE,6,9,2379.3684925841453
5,BASELINE,7,1,5367.707117357507
5,BASELINE,7,2,4219.035917139319
5,BASELINE,7,3,3187.6915103598712
5,BASELINE,7,5,2866.464995968084
5,BASELINE,7,7,2738.186706397792
5,BASELINE,7,9,2411.3684925841453
5,BASELINE,8,1,5607.707117357507
5,BASELINE,8,2,4379.035917139319
5,BASELINE,8,3,3267.6915103598712
5,BASELINE,8,5,2922.464995968084
5,BASELINE,8,7,2778.186706397792
5,BASELINE,8,9,2443.3684925841453
5,BASELINE,9,1,5847.707117357507
5,BASELINE,9,2,4539.035917139319
5,BASELINE,9,3,3347.6915103598712
5,BASELINE,9,5,2978.464995968084
5,BASELINE,9,7,2818.186706397792
5,BASELINE,9,9,2475.3684925841453
5,BASELINE,10,1,6087.707117357506
5,BASELINE,10,2,4699.035917139319
5,BASELINE,10,3,3427.691510359871
5,BASELINE,10,5,3034.464995968084
5,BASELINE,10,7,2858.186706397792
5,BASELINE,10,9,2507.3684925841453
5,L,1,1,4377.668301676802
5,L,1,2,3918.7082767080183
5,L,1,3,3118.486227349692
5,L,1,5,2860.497331511052
5,L,1,7,2558.113506438863
5,L,1,9,2454.54800213001
5,L,2,1,4737.668301676801
5,L,2,2,4206.708276708018
5,L,2,3,3262.486227349692
5,L,2,5,2956.497331511052
5,L,2,7,2630.113506438863
5,L,2,9,2518.5480021300104
5,L,3,1,5097.6683016768
5,L,3,2,4494.708276708018
5,L,3,3,3406.4862273496924
5,L,3,5,3052.497331511052
5,L,3,7,2702.113506438863
5,L,3,9,2582.5480021300104
5,L,4,1,5457.668301676802
5,L,4,2,4782.708276708017
5,L,4,3,3550.4862273496924
5,L,4,5,3148.497331511052
5,L,4,7,2774.113506438863
5,L,4,9,2646.5480021300104
5,L,5,1,5817.668301676802
5,L,5,2,5070.708276708017
5,L,5,3,3694.486227349693
5,L,5,5,3244.4973315110515
5,L,5,7,2846.113506438863
5,L,5,9,2710.5480021300104
5,L,6,1,6177.668301676801
5,L,6,2,5358.708276708017
5,L,6,3,3838.486227349693
5,L,6,5,3340.4973315110515
5,L,6,7,2918.113506438863
5,L,6,9,2774.5480021300104
5,L,7,1,6537.6683016768
5,L,7,2,5646.708276708018
5,L,7,3,3982.486227349693
5,L,7,5,3436.4973315110515
5,L,7,7,2990.113506438863
5,L,7,9,2838.5480021300104
5,L,8,1,6897.6683016768
5,L,8,2,5934.708276708018
5,L,8,3,4126.486227349693
5,L,8,5,3532.497331511051
5,L,8,7,3062.113506438863
5,L,8,9,2902.5480021300104
5,L,9,1,7257.6683016768
5,L,9,2,6222.708276708019
5,L,9,3,4270.486227349693
5,L,9,5,3628.497331511051
5,L,9,7,3134.113506438863
5,L,9,9,2966.5480021300104
5,L,10,1,7617.6683016768
5,L,10,2,6510.708276708019
5,L,10,3,4414.486227349693
5,L,10,5,3724.497331511051
5,L,10,7,3206.113506438863
5,L,10,9,3030.5480021300104
5,T,1,1,4717.383203558343
5,T,1,2,3921.094656569064
5,T,1,3,3217.998445456461
5,T,1,5,2921.8437157057674
5,T,1,7,2770.1324525071486
5,T,1,9,2621.1007366765507
5,T,2,1,5077.383203558342
5,T,2,2,4201.094656569065
5,T,2,3,3361.998445456461
5,T,2,5,3017.8437157057674
5,T,2,7,2842.1324525071486
5,T,2,9,2677.1007366765507
5,T,3,1,5437.383203558342
5,T,3,2,4481.094656569065
5,T,3,3,3505.998445456461
5,T,3,5,3113.8437157057674
5,T,3,7,2914.1324525071486
5,T,3,9,2733.1007366765507
5,T,4,1,5797.383203558343
5,T,4,2,4761.094656569064
5,T,4,3,3649.998445456461
5,T,4,5,3209.8437157057674
5,T,4,7,2986.1324525071486
5,T,4,9,2789.1007366765507
5,T,5,1,6157.383203558342
5,T,5,2,5041.094656569063
5,T,5,3,3793.998445456461
5,T,5,5,3305.8437157057674
5,T,5,7,3058.1324525071486
5,T,5,9,2845.1007366765507
5,T,6,1,6517.383203558342
5,T,6,2,5321.094656569062
5,T,6,3,3937.998445456461
5,T,6,5,3401.8437157057674
5,T,6,7,3130.1324525071486
5,T,6,9,2901.1007366765507
5,T,7,1,6877.383203558342
5,T,7,2,5601.094656569063
5,T,7,3,4081.998445456461
5,T,7,5,3497.8437157057674
5,T,7,7,3202.1324525071486
5,T,7,9,2957.1007366765507
5,T,8,1,7237.383203558341
5,T,8,2,5881.094656569063
5,T,8,3,4225.998445456461
5,T,8,5,3593.8437157057674
5,T,8,7,3274.1324525071486
5,T,8,9,3013.1007366765507
5,T,9,1,7597.383203558341
5,T,9,2,6161.094656569063
5,T,9,3,4369.998445456461
5,T,9,5,3689.8437157057674
5,T,9,7,3346.1324525071486
5,T,9,9,3069.1007366765507
5,T,10,1,7957.383203558341
5,T,10,2,6441.094656569063
5,T,10,3,4513.998445456461
5,T,10,5,3785.8437157057674
5,T,10,7,3418.1324525071486
5,T,10,9,3125.1007366765507
6,BASELINE,1,1,5301.874933450712
6,BASELINE,1,2,4482.018084603287
6,BASELINE,1,3,3809.392183265372
6,BASELINE,1,5,3615.091115250065
6,BASELINE,1,7,3561.7285685911943
6,BASELINE,1,9,3080.6294587336174
6,BASELINE,2,1,5589.874933450712
6,BASELINE,2,2,4674.018084603287
6,BASELINE,2,3,3905.392183265372
6,BASELINE,2,5,3679.091115250065
6,BASELINE,2,7,3609.7285685911943
6,BASELINE,2,9,3120.6294587336174
6,BASELINE,3,1,5877.874933450712
6,BASELINE,3,2,4866.018084603287
6,BASELINE,3,3,4001.392183265372
6,BASELINE,3,5,3743.091115250065
6,BASELINE,3,7,3657.7285685911943
6,BASELINE,3,9,3160.6294587336174
6,BASELINE,4,1,6165.874933450712
6,BASELINE,4,2,5058.018084603287
6,BASELINE,4,3,4097.392183265372
6,BASELINE,4,5,3807.091115250065
6,BASELINE,4,7,3705.7285685911943
6,BASELINE,4,9,3200.6294587336174
6,BASELINE,5,1,6453.874933450712
6,BASELINE,5,2,5250.018084603287
6,BASELINE,5,3,4193.392183265372
6,BASELINE,5,5,3871.091115250065
6,BASELINE,5,7,3753.7285685911943
6,BASELINE,5,9,3240.6294587336174
6,BASELINE,6,1,6741.874933450712
6,BASELINE,6,2,5442.018084603287
6,BASELINE,6,3,4289.392183265372
6,BASELINE,6,5,3935.091115250065
6,BASELINE,6,7,3801.7285685911943
6,BASELINE,6,9,3280.6294587336174
6,BASELINE,7,1,7029.874933450712
6,BASELINE,7,2,5634.018084603287
6,BASELINE,7,3,4385.392183265372
6,BASELINE,7,5,3999.091115250065
6,BASELINE,7,7,3849.7285685911943
6,BASELINE,7,9,3320.6294587336174
6,BASELINE,8,1,7317.874933450712
6,BASELINE,8,2,5826.018084603287
6,BASELINE,8,3,4481.392183265372
6,BASELINE,8,5,4063.091115250065
6,BASELINE,8,7,3897.7285685911943
6,BASELINE,8,9,3360.6294587336174
6,BASELINE,9,1,7605.874933450712
6,BASELINE,9,2,6018.018084603287
6,BASELINE,9,3,4577.392183265372
6,BASELINE,9,5,4127.091115250065
6,BASELINE,9,7,3945.7285685911943
6,BASELINE,9,9,3400.6294587336174
6,BASELINE,10,1,7893.874933450711
6,BASELINE,10,2,6210.018084603287
6,BASELINE,10,3,4673.392183265371
6,BASELINE,10,5,4191.091115250065
6,BASELINE,10,7,3993.7285685911943
6,BASELINE,10,9,3440.6294587336174
6,L,1,1,5810.017790025605
6,L,1,2,5351.057765056821
6,L,1,3,4395.204890342892
6,L,1,5,4034.317047488074
6,L,1,7,3750.3539211164
6,L,1,9,3512.351904848567
6,L,2,1,6242.017790025604
6,L,2,2,5711.057765056821
6,L,2,3,4579.204890342893
6,L,2,5,4154.317047488074
6,L,2,7,3846.3539211164
6,L,2,9,3584.351904848568
6,L,3,1,6674.017790025603
6,L,3,2,6071.057765056821
6,L,3,3,4763.204890342894
6,L,3,5,4274.317047488074
6,L,3,7,3942.3539211164
6,L,3,9,3656.351904848568
6,L,4,1,7106.017790025605
6,L,4,2,6431.05776505682
6,L,4,3,4947.204890342893
6,L,4,5,4394.317047488074
6,L,4,7,4038.3539211164
6,L,4,9,3728.351904848568
6,L,5,1,7538.017790025605
6,L,5,2,6791.05776505682
6,L,5,3,5131.204890342893
6,L,5,5,4514.3170474880735
6,L,5,7,4134.353921116401
6,L,5,9,3800.351904848568
6,L,6,1,7970.017790025604
6,L,6,2,7151.05776505682
6,L,6,3,5315.204890342893
6,L,6,5,4634.317047488073
6,L,6,7,4230.353921116401
6,L,6,9,3872.351904848568
6,L,7,1,8402.017790025604
6,L,7,2,7511.057765056821
6,L,7,3,5499.204890342893
6,L,7,5,4754.317047488073
6,L,7,7,4326.353921116401
6,L,7,9,3944.351904848568
6,L,8,1,8834.017790025604
6,L,8,2,7871.057765056821
6,L,8,3,5683.204890342893
6,L,8,5,4874.317047488073
6,L,8,7,4422.353921116401
6,L,8,9,4016.351904848568
6,L,9,1,9266.017790025608
6,L,9,2,8231.057765056823
6,L,9,3,5867.204890342893
6,L,9,5,4994.317047488073
6,L,9,7,4518.353921116401
6,L,9,9,4088.351904848568
6,L,10,1,9698.017790025608
6,L,10,2,8591.057765056823
6,L,10,3,6051.204890342893
6,L,10,5,5114.317047488073
6,L,10,7,4614.3539211164
6,L,10,9,4160.351904848568
6,T,1,1,6233.16776845607
6,T,1,2,5280.762890843636
6,T,1,3,4396.587812867867
6,T,1,5,4063.057745385581
6,T,1,7,3878.216515304364
6,T,1,9,3755.306852524605
6,T,2,1,6665.167768456069
6,T,2,2,5616.762890843636
6,T,2,3,4564.587812867867
6,T,2,5,4175.05774538558
6,T,2,7,3966.216515304364
6,T,2,9,3827.306852524605
6,T,3,1,7097.167768456069
6,T,3,2,5952.762890843636
6,T,3,3,4732.587812867868
6,T,3,5,4287.05774538558
6,T,3,7,4054.216515304364
6,T,3,9,3899.306852524605
6,T,4,1,7529.16776845607
6,T,4,2,6288.7628908436345
6,T,4,3,4900.587812867869
6,T,4,5,4399.05774538558
6,T,4,7,4142.216515304364
6,T,4,9,3971.306852524605
6,T,5,1,7961.167768456069
6,T,5,2,6624.7628908436345
6,T,5,3,5068.587812867868
6,T,5,5,4511.05774538558
6,T,5,7,4230.216515304364
6,T,5,9,4043.306852524605
6,T,6,1,8393.16776845607
6,T,6,2,6960.762890843633
6,T,6,3,5236.587812867868
6,T,6,5,4623.05774538558
6,T,6,7,4318.216515304364
6,T,6,9,4115.306852524605
6,T,7,1,8825.16776845607
6,T,7,2,7296.762890843635
6,T,7,3,5404.587812867868
6,T,7,5,4735.05774538558
6,T,7,7,4406.216515304364
6,T,7,9,4187.306852524605
6,T,8,1,9257.167768456067
6,T,8,2,7632.762890843635
6,T,8,3,5572.587812867868
6,T,8,5,4847.057745385582
6,T,8,7,4494.216515304364
6,T,8,9,4259.306852524605
6,T,9,1,9689.167768456073
6,T,9,2,7968.762890843635
6,T,9,3,5740.587812867868
6,T,9,5,4959.057745385582
6,T,9,7,4582.216515304364
6,T,9,9,4331.306852524605
6,T,10,1,10121.167768456073
6,T,10,2,8304.762890843635
6,T,10,3,5908.587812867868
6,T,10,5,5071.05774538558
6,T,10,7,4670.216515304364
6,T,10,9,4403.306852524605
7,BASELINE,1,1,6875.850062351301
7,BASELINE,1,2,5903.998314313634
7,BASELINE,1,3,5109.323291002463
7,BASELINE,1,5,4917.608174710986
7,BASELINE,1,7,4823.548862225481
7,BASELINE,1,9,4196.586699654331
7,BASELINE,2,1,7211.850062351301
7,BASELINE,2,2,6127.998314313634
7,BASELINE,2,3,5221.323291002463
7,BASELINE,2,5,4997.608174710986
7,BASELINE,2,7,4879.548862225481
7,BASELINE,2,9,4244.586699654331
7,BASELINE,3,1,7547.850062351301
7,BASELINE,3,2,6351.998314313634
7,BASELINE,3,3,5333.323291002463
7,BASELINE,3,5,5077.608174710986
7,BASELINE,3,7,4935.548862225481
7,BASELINE,3,9,4292.586699654331
7,BASELINE,4,1,7883.850062351301
7,BASELINE,4,2,6575.998314313634
7,BASELINE,4,3,5445.323291002463
7,BASELINE,4,5,5157.608174710986
7,BASELINE,4,7,4991.548862225481
7,BASELINE,4,9,4340.586699654331
7,BASELINE,5,1,8219.850062351301
7,BASELINE,5,2,6799.998314313634
7,BASELINE,5,3,5557.323291002463
7,BASELINE,5,5,5237.608174710986
7,BASELINE,5,7,5047.548862225481
7,BASELINE,5,9,4388.586699654331
7,BASELINE,6,1,8555.850062351301
7,BASELINE,6,2,7023.998314313634
7,BASELINE,6,3,5669.323291002463
7,BASELINE,6,5,5317.608174710986
7,BASELINE,6,7,5103.548862225481
7,BASELINE,6,9,4436.586699654331
7,BASELINE,7,1,8891.850062351301
7,BASELINE,7,2,7247.998314313634
7,BASELINE,7,3,5781.323291002463
7,BASELINE,7,5,5397.608174710986
7,BASELINE,7,7,5159.548862225481
7,BASELINE,7,9,4484.586699654331
7,BASELINE,8,1,9227.8500623513
7,BASELINE,8,2,7471.998314313634
7,BASELINE,8,3,5893.323291002463
7,BASELINE,8,5,5477.608174710986
7,BASELINE,8,7,5215.548862225481
7,BASELINE,8,9,4532.586699654331
7,BASELINE,9,1,9563.8500623513
7,BASELINE,9,2,7695.998314313634
7,BASELINE,9,3,6005.323291002463
7,BASELINE,9,5,5557.608174710986
7,BASELINE,9,7,5271.548862225481
7,BASELINE,9,9,4580.586699654331
7,BASELINE,10,1,9899.8500623513
7,BASELINE,10,2,7919.998314313634
7,BASELINE,10,3,6117.323291002462
7,BASELINE,10,5,5637.608174710986
7,BASELINE,10,7,5327.548862225481
7,BASELINE,10,9,4628.586699654331
7,L,1,1,7440.659774373051
7,L,1,2,6981.699749404267
7,L,1,3,5785.1204453396695
7,L,1,5,5406.185057995701
7,L,1,7,5041.7214452274475
7,L,1,9,4716.578968887716
7,L,2,1,7944.65977437305
7,L,2,2,7413.699749404267
7,L,2,3,6001.1204453396695
7,L,2,5,5550.185057995701
7,L,2,7,5153.7214452274475
7,L,2,9,4804.578968887717
7,L,3,1,8448.659774373049
7,L,3,2,7845.699749404267
7,L,3,3,6217.1204453396695
7,L,3,5,5694.185057995701
7,L,3,7,5265.7214452274475
7,L,3,9,4892.578968887717
7,L,4,1,8952.659774373053
7,L,4,2,8277.699749404266
7,L,4,3,6433.12044533967
7,L,4,5,5838.185057995701
7,L,4,7,5377.7214452274475
7,L,4,9,4980.578968887717
7,L,5,1,9456.659774373054
7,L,5,2,8709.699749404266
7,L,5,3,6649.12044533967
7,L,5,5,5982.1850579957
7,L,5,7,5489.7214452274475
7,L,5,9,5068.578968887717
7,L,6,1,9960.659774373054
7,L,6,2,9141.69974940427
7,L,6,3,6865.12044533967
7,L,6,5,6126.1850579957
7,L,6,7,5601.7214452274475
7,L,6,9,5156.578968887717
7,L,7,1,10464.659774373053
7,L,7,2,9573.699749404272
7,L,7,3,7081.12044533967
7,L,7,5,6270.1850579957
7,L,7,7,5713.7214452274475
7,L,7,9,5244.578968887717
7,L,8,1,10968.659774373053
7,L,8,2,10005.699749404272
7,L,8,3,7297.12044533967
7,L,8,5,6414.1850579957
7,L,8,7,5825.7214452274475
7,L,8,9,5332.578968887717
7,L,9,1,11472.659774373056
7,L,9,2,10437.699749404272
7,L,9,3,7513.12044533967
7,L,9,5,6558.1850579957
7,L,9,7,5937.7214452274475
7,L,9,9,5420.578968887717
7,L,10,1,11976.659774373056
7,L,10,2,10869.699749404272
7,L,10,3,7729.12044533967
7,L,10,5,6702.1850579957
7,L,10,7,6049.7214452274475
7,L,10,9,5508.578968887717
7,T,1,1,7999.233368861674
7,T,1,2,6839.7949120987905
7,T,1,3,5841.619834123022
7,T,1,5,5453.444584636316
7,T,1,7,5193.136745426546
7,T,1,9,5011.549760956675
7,T,2,1,8503.233368861673
7,T,2,2,7231.7949120987905
7,T,2,3,6041.619834123022
7,T,2,5,5589.444584636316
7,T,2,7,5297.136745426546
7,T,2,9,5091.549760956675
7,T,3,1,9007.23336886167
7,T,3,2,7623.7949120987905
7,T,3,3,6241.619834123023
7,T,3,5,5725.444584636316
7,T,3,7,5401.136745426546
7,T,3,9,5171.549760956675
7,T,4,1,9511.233368861676
7,T,4,2,8015.794912098789
7,T,4,3,6441.619834123024
7,T,4,5,5861.444584636316
7,T,4,7,5505.136745426546
7,T,4,9,5251.549760956675
7,T,5,1,10015.233368861676
7,T,5,2,8407.794912098789
7,T,5,3,6641.619834123023
7,T,5,5,5997.444584636316
7,T,5,7,5609.136745426546
7,T,5,9,5331.549760956675
7,T,6,1,10519.233368861676
7,T,6,2,8799.794912098787
7,T,6,3,6841.619834123023
7,T,6,5,6133.444584636316
7,T,6,7,5713.136745426546
7,T,6,9,5411.549760956675
7,T,7,1,11023.233368861676
7,T,7,2,9191.794912098789
7,T,7,3,7041.619834123023
7,T,7,5,6269.444584636316
7,T,7,7,5817.136745426546
7,T,7,9,5491.549760956675
7,T,8,1,11527.233368861673
7,T,8,2,9583.79491209879
7,T,8,3,7241.619834123023
7,T,8,5,6405.444584636316
7,T,8,7,5921.136745426546
7,T,8,9,5571.549760956675
7,T,9,1,12031.233368861676
7,T,9,2,9975.79491209879
7,T,9,3,7441.619834123023
7,T,9,5,6541.444584636316
7,T,9,7,6025.136745426546
7,T,9,9,5651.549760956675
7,T,10,1,12535.233368861676
7,T,10,2,10367.79491209879
7,T,10,3,7641.619834123023
7,T,10,5,6677.444584636316
7,T,10,7,6129.1367454265455
7,T,10,9,5731.549760956675
8,BASELINE,1,1,8649.684609846268
8,BASELINE,1,2,7525.263350439356
8,BASELINE,1,3,6607.985734191803
8,BASELINE,1,5,6348.352268617369
8,BASELINE,1,7,6284.129654697779
8,BASELINE,1,9,5362.91305322314
8,BASELINE,2,1,9033.684609846268
8,BASELINE,2,2,7781.263350439356
8,BASELINE,2,3,6735.985734191803
8,BASELINE,2,5,6436.352268617369
8,BASELINE,2,7,6348.129654697779
8,BASELINE,2,9,5418.91305322314
8,BASELINE,3,1,9417.684609846268
8,BASELINE,3,2,8037.263350439356
8,BASELINE,3,3,6863.985734191803
8,BASELINE,3,5,6524.352268617369
8,BASELINE,3,7,6412.129654697779
8,BASELINE,3,9,5474.91305322314
8,BASELINE,4,1,9801.684609846268
8,BASELINE,4,2,8293.263350439356
8,BASELINE,4,3,6991.985734191803
8,BASELINE,4,5,6612.352268617369
8,BASELINE,4,7,6476.129654697779
8,BASELINE,4,9,5530.91305322314
8,BASELINE,5,1,10185.684609846268
8,BASELINE,5,2,8549.263350439356
8,BASELINE,5,3,7119.985734191803
8,BASELINE,5,5,6700.352268617369
8,BASELINE,5,7,6540.129654697779
8,BASELINE,5,9,5586.91305322314
8,BASELINE,6,1,10569.684609846268
8,BASELINE,6,2,8805.263350439356
8,BASELINE,6,3,7247.985734191803
8,BASELINE,6,5,6788.352268617369
8,BASELINE,6,7,6604.129654697779
8,BASELINE,6,9,5642.91305322314
8,BASELINE,7,1,10953.684609846268
8,BASELINE,7,2,9061.263350439356
8,BASELINE,7,3,7375.985734191803
8,BASELINE,7,5,6876.352268617369
8,BASELINE,7,7,6668.129654697779
8,BASELINE,7,9,5698.91305322314
8,BASELINE,8,1,11337.684609846268
8,BASELINE,8,2,9317.263350439356
8,BASELINE,8,3,7503.985734191803
8,BASELINE,8,5,6964.352268617369
8,BASELINE,8,7,6732.129654697779
8,BASELINE,8,9,5754.91305322314
8,BASELINE,9,1,11721.684609846268
8,BASELINE,9,2,9573.263350439356
8,BASELINE,9,3,7631.985734191803
8,BASELINE,9,5,7052.352268617369
8,BASELINE,9,7,6796.129654697779
8,BASELINE,9,9,5810.91305322314
8,BASELINE,10,1,12105.684609846268
8,BASELINE,10,2,9829.263350439356
8,BASELINE,10,3,7759.985734191802
8,BASELINE,10,5,7140.352268617369
8,BASELINE,10,7,6860.129654697779
8,BASELINE,10,9,5866.91305322314
8,L,1,1,9270.075759986885
8,L,1,2,8811.115735018098
8,L,1,3,7458.581049728254
8,L,1,5,6976.658067887365
8,L,1,7,6495.958243637706
8,L,1,9,6153.087485612805
8,L,2,1,9846.075759986885
8,L,2,2,9315.115735018102
8,L,2,3,7714.581049728256
8,L,2,5,7144.658067887365
8,L,2,7,6623.958243637706
8,L,2,9,6257.087485612806
8,L,3,1,10422.075759986885
8,L,3,2,9819.115735018102
8,L,3,3,7970.581049728256
8,L,3,5,7312.658067887365
8,L,3,7,6751.958243637706
8,L,3,9,6361.087485612806
8,L,4,1,10998.075759986888
8,L,4,2,10323.1157350181
8,L,4,3,8226.581049728255
8,L,4,5,7480.658067887365
8,L,4,7,6879.958243637706
8,L,4,9,6465.087485612806
8,L,5,1,11574.075759986888
8,L,5,2,10827.1157350181
8,L,5,3,8482.581049728255
8,L,5,5,7648.658067887364
8,L,5,7,7007.958243637706
8,L,5,9,6569.087485612806
8,L,6,1,12150.075759986888
8,L,6,2,11331.115735018104
8,L,6,3,8738.581049728255
8,L,6,5,7816.658067887364
8,L,6,7,7135.958243637706
8,L,6,9,6673.087485612806
8,L,7,1,12726.075759986888
8,L,7,2,11835.115735018106
8,L,7,3,8994.581049728255
8,L,7,5,7984.658067887364
8,L,7,7,7263.958243637706
8,L,7,9,6777.087485612806
8,L,8,1,13302.075759986888
8,L,8,2,12339.115735018106
8,L,8,3,9250.581049728253
8,L,8,5,8152.658067887364
8,L,8,7,7391.958243637706
8,L,8,9,6881.087485612806
8,L,9,1,13878.07575998689
8,L,9,2,12843.115735018106
8,L,9,3,9506.581049728253
8,L,9,5,8320.658067887363
8,L,9,7,7519.958243637706
8,L,9,9,6985.087485612806
8,L,10,1,14454.07575998689
8,L,10,2,13347.115735018106
8,L,10,3,9762.581049728253
8,L,10,5,8488.658067887363
8,L,10,7,7647.958243637706
8,L,10,9,7089.087485612806
8,T,1,1,9913.816995826037
8,T,1,2,8598.378539063151
8,T,1,3,7418.892012914951
8,T,1,5,6984.001339928006
8,T,1,7,6717.824850390273
8,T,1,9,6529.380619647974
8,T,2,1,10489.816995826037
8,T,2,2,9046.37853906315
8,T,2,3,7642.892012914951
8,T,2,5,7136.001339928006
8,T,2,7,6829.824850390273
8,T,2,9,6625.380619647974
8,T,3,1,11065.816995826031
8,T,3,2,9494.378539063153
8,T,3,3,7866.892012914952
8,T,3,5,7288.001339928006
8,T,3,7,6941.824850390273
8,T,3,9,6721.380619647974
8,T,4,1,11641.816995826037
8,T,4,2,9942.378539063153
8,T,4,3,8090.892012914953
8,T,4,5,7440.001339928006
8,T,4,7,7053.824850390273
8,T,4,9,6817.380619647974
8,T,5,1,12217.816995826037
8,T,5,2,10390.378539063153
8,T,5,3,8314.892012914952
8,T,5,5,7592.001339928006
8,T,5,7,7165.824850390273
8,T,5,9,6913.380619647974
8,T,6,1,12793.816995826037
8,T,6,2,10838.37853906315
8,T,6,3,8538.892012914952
8,T,6,5,7744.001339928006
8,T,6,7,7277.824850390273
8,T,6,9,7009.380619647974
8,T,7,1,13369.816995826037
8,T,7,2,11286.37853906315
8,T,7,3,8762.892012914952
8,T,7,5,7896.001339928006
8,T,7,7,7389.824850390273
8,T,7,9,7105.380619647974
8,T,8,1,13945.816995826037
8,T,8,2,11734.378539063153
8,T,8,3,8986.892012914954
8,T,8,5,8048.001339928006
8,T,8,7,7501.824850390273
8,T,8,9,7201.380619647974
8,T,9,1,14521.81699582604
8,T,9,2,12182.378539063153
8,T,9,3,9210.892012914952
8,T,9,5,8200.001339928007
8,T,9,7,7613.824850390273
8,T,9,9,7297.380619647974
8,T,10,1,15097.81699582604
8,T,10,2,12630.378539063153
8,T,10,3,9434.892012914952
8,T,10,5,8352.001339928007
8,T,10,7,7725.824850390273
8,T,10,9,7393.380619647974
9,BASELINE,1,1,10623.415880522982
9,BASELINE,1,2,9345.992461733784
9,BASELINE,1,3,8305.694477599907
9,BASELINE,1,5,8032.770372718905
9,BASELINE,1,7,7943.775766249592
9,BASELINE,1,9,6890.15553049685
9,BASELINE,2,1,11055.415880522982
9,BASELINE,2,2,9633.992461733784
9,BASELINE,2,3,8449.694477599907
9,BASELINE,2,5,8128.770372718905
9,BASELINE,2,7,8015.775766249592
9,BASELINE,2,9,6954.15553049685
9,BASELINE,3,1,11487.415880522982
9,BASELINE,3,2,9921.992461733784
9,BASELINE,3,3,8593.694477599907
9,BASELINE,3,5,8224.770372718904
9,BASELINE,3,7,8087.775766249592
9,BASELINE,3,9,7018.15553049685
9,BASELINE,4,1,11919.415880522982
9,BASELINE,4,2,10209.992461733784
9,BASELINE,4,3,8737.694477599907
9,BASELINE,4,5,8320.770372718904
9,BASELINE,4,7,8159.775766249592
9,BASELINE,4,9,7082.15553049685
9,BASELINE,5,1,12351.415880522982
9,BASELINE,5,2,10497.992461733784
9,BASELINE,5,3,8881.694477599907
9,BASELINE,5,5,8416.770372718904
9,BASELINE,5,7,8231.775766249591
9,BASELINE,5,9,7146.15553049685
9,BASELINE,6,1,12783.415880522982
9,BASELINE,6,2,10785.992461733784
9,BASELINE,6,3,9025.694477599907
9,BASELINE,6,5,8512.770372718904
9,BASELINE,6,7,8303.775766249591
9,BASELINE,6,9,7210.15553049685
9,BASELINE,7,1,13215.415880522982
9,BASELINE,7,2,11073.992461733784
9,BASELINE,7,3,9169.694477599907
9,BASELINE,7,5,8608.770372718904
9,BASELINE,7,7,8375.775766249591
9,BASELINE,7,9,7274.15553049685
9,BASELINE,8,1,13647.415880522982
9,BASELINE,8,2,11361.992461733784
9,BASELINE,8,3,9313.694477599907
9,BASELINE,8,5,8704.770372718904
9,BASELINE,8,7,8447.775766249591
9,BASELINE,8,9,7338.15553049685
9,BASELINE,9,1,14079.415880522982
9,BASELINE,9,2,11649.992461733784
9,BASELINE,9,3,9457.694477599907
9,BASELINE,9,5,8800.770372718904
9,BASELINE,9,7,8519.775766249591
9,BASELINE,9,9,7402.15553049685
9,BASELINE,10,1,14511.41588052298
9,BASELINE,10,2,11937.992461733784
9,BASELINE,10,3,9601.694477599907
9,BASELINE,10,5,8896.770372718904
9,BASELINE,10,7,8591.775766249591
9,BASELINE,10,9,7466.15553049685
9,L,1,1,11298.56934393166
9,L,1,2,10839.609318962874
9,L,1,3,9246.130320024791
9,L,1,5,8746.084800049037
9,L,1,7,8128.154092823555
9,L,1,9,7835.009271528758
9,L,2,1,11946.56934393166
9,L,2,2,11415.609318962875
9,L,2,3,9534.130320024791
9,L,2,5,8938.084800049037
9,L,2,7,8272.154092823555
9,L,2,9,7955.009271528757
9,L,3,1,12594.569343931658
9,L,3,2,11991.609318962875
9,L,3,3,9822.130320024791
9,L,3,5,9130.084800049037
9,L,3,7,8416.154092823555
9,L,3,9,8075.009271528757
9,L,4,1,13242.569343931662
9,L,4,2,12567.609318962875
9,L,4,3,10110.130320024791
9,L,4,5,9322.084800049037
9,L,4,7,8560.154092823555
9,L,4,9,8195.009271528757
9,L,5,1,13890.569343931664
9,L,5,2,13143.609318962875
9,L,5,3,10398.130320024791
9,L,5,5,9514.084800049037
9,L,5,7,8704.154092823555
9,L,5,9,8315.009271528757
9,L,6,1,14538.569343931664
9,L,6,2,13719.60931896288
9,L,6,3,10686.130320024791
9,L,6,5,9706.084800049037
9,L,6,7,8848.154092823555
9,L,6,9,8435.009271528757
9,L,7,1,15186.569343931662
9,L,7,2,14295.60931896288
9,L,7,3,10974.130320024791
9,L,7,5,9898.084800049037
9,L,7,7,8992.154092823555
9,L,7,9,8555.009271528757
9,L,8,1,15834.569343931662
9,L,8,2,14871.60931896288
9,L,8,3,11262.130320024791
9,L,8,5,10090.084800049037
9,L,8,7,9136.154092823555
9,L,8,9,8675.009271528757
9,L,9,1,16482.569343931667
9,L,9,2,15447.60931896288
9,L,9,3,11550.130320024791
9,L,9,5,10282.084800049037
9,L,9,7,9280.154092823555
9,L,9,9,8795.009271528757
9,L,10,1,17130.569343931667
9,L,10,2,16023.60931896288
9,L,10,3,11838.130320024791
9,L,10,5,10474.084800049037
9,L,10,7,9424.154092823555
9,L,10,9,8915.009271528757
9,T,1,1,12028.067650281087
9,T,1,2,10556.629193518203
9,T,1,3,9263.142667370004
9,T,1,5,8723.913157885967
9,T,1,7,8447.851009792828
9,T,1,9,8228.739945517687
9,T,2,1,12676.067650281087
9,T,2,2,11060.629193518202
9,T,2,3,9519.142667370004
9,T,2,5,8891.913157885967
9,T,2,7,8575.851009792828
9,T,2,9,8332.739945517687
9,T,3,1,13324.067650281086
9,T,3,2,11564.629193518203
9,T,3,3,9775.142667370004
9,T,3,5,9059.913157885969
9,T,3,7,8703.851009792828
9,T,3,9,8436.739945517687
9,T,4,1,13972.06765028109
9,T,4,2,12068.629193518203
9,T,4,3,10031.142667370004
9,T,4,5,9227.913157885969
9,T,4,7,8831.851009792828
9,T,4,9,8540.739945517687
9,T,5,1,14620.06765028109
9,T,5,2,12572.629193518203
9,T,5,3,10287.142667370004
9,T,5,5,9395.913157885969
9,T,5,7,8959.851009792828
9,T,5,9,8644.739945517687
9,T,6,1,15268.06765028109
9,T,6,2,13076.629193518202
9,T,6,3,10543.142667370004
9,T,6,5,9563.913157885969
9,T,6,7,9087.851009792828
9,T,6,9,8748.739945517687
9,T,7,1,15916.06765028109
9,T,7,2,13580.629193518202
9,T,7,3,10799.142667370004
9,T,7,5,9731.913157885969
9,T,7,7,9215.851009792828
9,T,7,9,8852.739945517687
9,T,8,1,16564.067650281086
9,T,8,2,14084.629193518203
9,T,8,3,11055.142667370004
9,T,8,5,9899.913157885969
9,T,8,7,9343.851009792828
9,T,8,9,8956.739945517687
9,T,9,1,17212.06765028109
9,T,9,2,14588.629193518203
9,T,9,3,11311.142667370004
9,T,9,5,10067.913157885969
9,T,9,7,9471.851009792828
9,T,9,9,9060.739945517687
9,T,10,1,17860.06765028109
9,T,10,2,15092.629193518203
9,T,10,3,11567.142667370004
9,T,10,5,10235.913157885969
9,T,10,7,9599.851009792828
9,T,10,9,9164.739945517687
10,BASELINE,1,1,12797.065126624691
10,BASELINE,1,2,11366.305113278137
10,BASELINE,1,3,10202.660312046266
10,BASELINE,1,5,9933.49099557309
10,BASELINE,1,7,9802.692049638565
10,BASELINE,1,9,8388.339402714048
10,BASELINE,2,1,13277.065126624691
10,BASELINE,2,2,11686.305113278137
10,BASELINE,2,3,10362.660312046266
10,BASELINE,2,5,10045.49099557309
10,BASELINE,2,7,9882.692049638565
10,BASELINE,2,9,8452.339402714048
10,BASELINE,3,1,13757.065126624691
10,BASELINE,3,2,12006.305113278137
10,BASELINE,3,3,10522.660312046266
10,BASELINE,3,5,10157.49099557309
10,BASELINE,3,7,9962.692049638565
10,BASELINE,3,9,8516.339402714048
10,BASELINE,4,1,14237.065126624691
10,BASELINE,4,2,12326.305113278137
10,BASELINE,4,3,10682.660312046266
10,BASELINE,4,5,10269.49099557309
10,BASELINE,4,7,10042.692049638565
10,BASELINE,4,9,8580.339402714048
10,BASELINE,5,1,14717.065126624691
10,BASELINE,5,2,12646.305113278137
10,BASELINE,5,3,10842.660312046266
10,BASELINE,5,5,10381.49099557309
10,BASELINE,5,7,10122.692049638565
10,BASELINE,5,9,8644.339402714048
10,BASELINE,6,1,15197.065126624691
10,BASELINE,6,2,12966.305113278137
10,BASELINE,6,3,11002.660312046266
10,BASELINE,6,5,10493.49099557309
10,BASELINE,6,7,10202.692049638565
10,BASELINE,6,9,8708.339402714048
10,BASELINE,7,1,15677.065126624691
10,BASELINE,7,2,13286.305113278137
10,BASELINE,7,3,11162.660312046266
10,BASELINE,7,5,10605.49099557309
10,BASELINE,7,7,10282.692049638565
10,BASELINE,7,9,8772.339402714048
10,BASELINE,8,1,16157.065126624691
10,BASELINE,8,2,13606.305113278137
10,BASELINE,8,3,11322.660312046266
10,BASELINE,8,5,10717.49099557309
10,BASELINE,8,7,10362.692049638565
10,BASELINE,8,9,8836.339402714048
10,BASELINE,9,1,16637.06512662469
10,BASELINE,9,2,13926.305113278137
10,BASELINE,9,3,11482.660312046266
10,BASELINE,9,5,10829.49099557309
10,BASELINE,9,7,10442.692049638565
10,BASELINE,9,9,8900.339402714048
10,BASELINE,10,1,17117.06512662469
10,BASELINE,10,2,14246.305113278137
10,BASELINE,10,3,11642.660312046266
10,BASELINE,10,5,10941.49099557309
10,BASELINE,10,7,10522.692049638565
10,BASELINE,10,9,8964.339402714048
10,L,1,1,13526.344045274214
10,L,1,2,13067.384020305428
10,L,1,3,11317.793881496558
10,L,1,5,10714.697965476931
10,L,1,7,10113.260820837022
10,L,1,9,9725.521593517607
10,L,2,1,14246.344045274214
10,L,2,2,13715.384020305431
10,L,2,3,11645.793881496562
10,L,2,5,10930.697965476931
10,L,2,7,10281.260820837022
10,L,2,9,9861.521593517607
10,L,3,1,14966.344045274212
10,L,3,2,14363.384020305431
10,L,3,3,11973.793881496562
10,L,3,5,11146.697965476931
10,L,3,7,10449.260820837022
10,L,3,9,9997.521593517607
10,L,4,1,15686.344045274216
10,L,4,2,15011.38402030543
10,L,4,3,12301.793881496562
10,L,4,5,11362.697965476931
10,L,4,7,10617.260820837022
10,L,4,9,10133.521593517607
10,L,5,1,16406.344045274218
10,L,5,2,15659.38402030543
10,L,5,3,12629.793881496562
10,L,5,5,11578.697965476931
10,L,5,7,10785.260820837022
10,L,5,9,10269.521593517607
10,L,6,1,17126.344045274218
10,L,6,2,16307.384020305431
10,L,6,3,12957.793881496562
10,L,6,5,11794.697965476931
10,L,6,7,10953.260820837022
10,L,6,9,10405.521593517607
10,L,7,1,17846.34404527421
10,L,7,2,16955.384020305435
10,L,7,3,13285.793881496562
10,L,7,5,12010.697965476931
10,L,7,7,11121.260820837022
10,L,7,9,10541.521593517607
10,L,8,1,18566.34404527421
10,L,8,2,17603.38402030543
10,L,8,3,13613.793881496558
10,L,8,5,12226.697965476931
10,L,8,7,11289.260820837022
10,L,8,9,10677.521593517607
10,L,9,1,19286.344045274214
10,L,9,2,18251.384020305428
10,L,9,3,13941.793881496558
10,L,9,5,12442.697965476931
10,L,9,7,11457.260820837022
10,L,9,9,10813.521593517607
10,L,10,1,20006.344045274214
10,L,10,2,18899.384020305428
10,L,10,3,14269.793881496558
10,L,10,5,12658.697965476931
10,L,10,7,11625.260820837022
10,L,10,9,10949.521593517607
10,T,1,1,14342.127354205097
10,T,1,2,12714.62284445567
10,T,1,3,11239.68485272264
10,T,1,5,10712.88997484432
10,T,1,7,10353.636921323196
10,T,1,9,10090.26522487206
10,T,2,1,15062.127354205097
10,T,2,2,13274.622844455667
10,T,2,3,11519.68485272264
10,T,2,5,10904.88997484432
10,T,2,7,10497.636921323196
10,T,2,9,10202.26522487206
10,T,3,1,15782.127354205091
10,T,3,2,13834.622844455673
10,T,3,3,11799.68485272264
10,T,3,5,11096.88997484432
10,T,3,7,10641.636921323196
10,T,3,9,10314.26522487206
10,T,4,1,16502.127354205095
10,T,4,2,14394.62284445567
10,T,4,3,12079.68485272264
10,T,4,5,11288.88997484432
10,T,4,7,10785.636921323196
10,T,4,9,10426.26522487206
10,T,5,1,17222.127354205095
10,T,5,2,14954.62284445567
10,T,5,3,12359.68485272264
10,T,5,5,11480.88997484432
10,T,5,7,10929.636921323196
10,T,5,9,10538.26522487206
10,T,6,1,17942.127354205095
10,T,6,2,15514.622844455667
10,T,6,3,12639.68485272264
10,T,6,5,11672.88997484432
10,T,6,7,11073.636921323196
10,T,6,9,10650.26522487206
10,T,7,1,18662.127354205088
10,T,7,2,16074.622844455667
10,T,7,3,12919.68485272264
10,T,7,5,11864.88997484432
10,T,7,7,11217.636921323196
10,T,7,9,10762.26522487206
10,T,8,1,19382.127354205088
10,T,8,2,16634.62284445567
10,T,8,3,13199.68485272264
10,T,8,5,12056.88997484432
10,T,8,7,11361.636921323196
10,T,8,9,10874.26522487206
10,T,9,1,20102.12735420509
10,T,9,2,17194.62284445567
10,T,9,3,13479.68485272264
10,T,9,5,12248.88997484432
10,T,9,7,11505.636921323196
10,T,9,9,10986.26522487206
10,T,10,1,20822.12735420509
10,T,10,2,17754.62284445567
10,T,10,3,13759.68485272264
10,T,10,5,12440.88997484432
10,T,10,7,11649.636921323196
10,T,10,9,11098.26522487206
11,BASELINE,1,1,15170.650097690685
11,BASELINE,1,2,13586.284875078329
11,BASELINE,1,3,12299.031179169298
11,BASELINE,1,5,11961.902036315958
11,BASELINE,1,7,11861.02274314176
11,BASELINE,1,9,10047.448213491369
11,BASELINE,2,1,15698.650097690685
11,BASELINE,2,2,13938.284875078329
11,BASELINE,2,3,12475.031179169298
11,BASELINE,2,5,12081.902036315958
11,BASELINE,2,7,11949.02274314176
11,BASELINE,2,9,10119.448213491369
11,BASELINE,3,1,16226.650097690685
11,BASELINE,3,2,14290.284875078329
11,BASELINE,3,3,12651.031179169298
11,BASELINE,3,5,12201.902036315958
11,BASELINE,3,7,12037.02274314176
11,BASELINE,3,9,10191.448213491369
11,BASELINE,4,1,16754.650097690683
11,BASELINE,4,2,14642.284875078329
11,BASELINE,4,3,12827.031179169298
11,BASELINE,4,5,12321.902036315958
11,BASELINE,4,7,12125.02274314176
11,BASELINE,4,9,10263.448213491369
11,BASELINE,5,1,17282.650097690683
11,BASELINE,5,2,14994.284875078329
11,BASELINE,5,3,13003.031179169298
11,BASELINE,5,5,12441.902036315958
11,BASELINE,5,7,12213.02274314176
11,BASELINE,5,9,10335.448213491369
11,BASELINE,6,1,17810.65009769068
11,BASELINE,6,2,15346.284875078329
11,BASELINE,6,3,13179.031179169298
11,BASELINE,6,5,12561.902036315958
11,BASELINE,6,7,12301.02274314176
11,BASELINE,6,9,10407.448213491369
11,BASELINE,7,1,18338.65009769068
11,BASELINE,7,2,15698.284875078329
11,BASELINE,7,3,13355.031179169298
11,BASELINE,7,5,12681.902036315958
11,BASELINE,7,7,12389.02274314176
11,BASELINE,7,9,10479.448213491369
11,BASELINE,8,1,18866.65009769068
11,BASELINE,8,2,16050.284875078329
11,BASELINE,8,3,13531.031179169298
11,BASELINE,8,5,12801.902036315958
11,BASELINE,8,7,12477.02274314176
11,BASELINE,8,9,10551.448213491369
11,BASELINE,9,1,19394.65009769068
11,BASELINE,9,2,16402.284875078327
11,BASELINE,9,3,13707.031179169298
11,BASELINE,9,5,12921.902036315958
11,BASELINE,9,7,12565.02274314176
11,BASELINE,9,9,10623.448213491369
11,BASELINE,10,1,19922.65009769068
11,BASELINE,10,2,16754.284875078327
11,BASELINE,10,3,13883.031179169298
11,BASELINE,10,5,13041.902036315958
11,BASELINE,10,7,12653.02274314176
11,BASELINE,10,9,10695.448213491369
11,L,1,1,15953.542851422902
11,L,1,2,15494.582826454116
11,L,1,3,13503.931768794311
11,L,1,5,12882.660517541102
11,L,1,7,12200.604493594274
11,L,1,9,11773.496717741784
11,L,2,1,16745.542851422902
11,L,2,2,16214.58282645412
11,L,2,3,13863.931768794311
11,L,2,5,13122.660517541102
11,L,2,7,12384.604493594274
11,L,2,9,11917.496717741784
11,L,3,1,17537.5428514229
11,L,3,2,16934.58282645412
11,L,3,3,14223.931768794311
11,L,3,5,13362.660517541102
11,L,3,7,12568.604493594274
11,L,3,9,12061.496717741784
11,L,4,1,18329.5428514229
11,L,4,2,17654.582826454112
11,L,4,3,14583.931768794311
11,L,4,5,13602.660517541102
11,L,4,7,12752.604493594274
11,L,4,9,12205.496717741784
11,L,5,1,19121.5428514229
11,L,5,2,18374.582826454112
11,L,5,3,14943.931768794311
11,L,5,5,13842.6605175411
11,L,5,7,12936.604493594274
11,L,5,9,12349.496717741784
11,L,6,1,19913.5428514229
11,L,6,2,19094.582826454112
11,L,6,3,15303.931768794311
11,L,6,5,14082.6605175411
11,L,6,7,13120.604493594274
11,L,6,9,12493.496717741784
11,L,7,1,20705.54285142289
11,L,7,2,19814.582826454116
11,L,7,3,15663.931768794311
11,L,7,5,14322.6605175411
11,L,7,7,13304.604493594274
11,L,7,9,12637.496717741784
11,L,8,1,21497.54285142289
11,L,8,2,20534.582826454112
11,L,8,3,16023.931768794311
11,L,8,5,14562.6605175411
11,L,8,7,13488.604493594274
11,L,8,9,12781.496717741784
11,L,9,1,22289.54285142289
11,L,9,2,21254.582826454105
11,L,9,3,16383.931768794311
11,L,9,5,14802.6605175411
11,L,9,7,13672.604493594274
11,L,9,9,12925.496717741784
11,L,10,1,23081.54285142289
11,L,10,2,21974.582826454105
11,L,10,3,16743.93176879431
11,L,10,5,15042.6605175411
11,L,10,7,13856.604493594274
11,L,10,9,13069.496717741784
11,T,1,1,16907.981449541257
11,T,1,2,15072.412138942978
11,T,1,3,13483.474147209949
11,T,1,5,12842.08659050689
11,T,1,7,12466.83079697595
11,T,1,9,12222.098143396555
11,T,2,1,17699.981449541257
11,T,2,2,15688.412138942977
11,T,2,3,13795.474147209949
11,T,2,5,13050.08659050689
11,T,2,7,12626.83079697595
11,T,2,9,12350.098143396555
11,T,3,1,18491.98144954125
11,T,3,2,16304.41213894298
11,T,3,3,14107.474147209949
11,T,3,5,13258.08659050689
11,T,3,7,12786.83079697595
11,T,3,9,12478.098143396555
11,T,4,1,19283.981449541257
11,T,4,2,16920.41213894298
11,T,4,3,14419.474147209949
11,T,4,5,13466.08659050689
11,T,4,7,12946.83079697595
11,T,4,9,12606.098143396555
11,T,5,1,20075.981449541257
11,T,5,2,17536.41213894298
11,T,5,3,14731.474147209949
11,T,5,5,13674.08659050689
11,T,5,7,13106.83079697595
11,T,5,9,12734.098143396555
11,T,6,1,20867.981449541257
11,T,6,2,18152.41213894297
11,T,6,3,15043.474147209949
11,T,6,5,13882.08659050689
11,T,6,7,13266.83079697595
11,T,6,9,12862.098143396555
11,T,7,1,21659.98144954125
11,T,7,2,18768.41213894297
11,T,7,3,15355.474147209949
11,T,7,5,14090.08659050689
11,T,7,7,13426.83079697595
11,T,7,9,12990.098143396555
11,T,8,1,22451.98144954125
11,T,8,2,19384.41213894297
11,T,8,3,15667.474147209949
11,T,8,5,14298.08659050689
11,T,8,7,13586.83079697595
11,T,8,9,13118.098143396555
11,T,9,1,23243.98144954125
11,T,9,2,20000.41213894297
11,T,9,3,15979.474147209949
11,T,9,5,14506.08659050689
11,T,9,7,13746.83079697595
11,T,9,9,13246.098143396555
11,T,10,1,24035.98144954125
11,T,10,2,20616.41213894297
11,T,10,3,16291.474147209949
11,T,10,5,14714.08659050689
11,T,10,7,13906.830796975948
11,T,10,9,13374.098143396555
12,BASELINE,1,1,17744.18137404762
12,BASELINE,1,2,16005.9924797128
12,BASELINE,1,3,14594.914873773669
12,BASELINE,1,5,14246.201990302228
12,BASELINE,1,7,14118.873213581404
12,BASELINE,1,9,11961.741982110065
12,BASELINE,2,1,18320.181374047625
12,BASELINE,2,2,16389.9924797128
12,BASELINE,2,3,14786.914873773669
12,BASELINE,2,5,14374.201990302228
12,BASELINE,2,7,14214.873213581404
12,BASELINE,2,9,12041.741982110065
12,BASELINE,3,1,18896.181374047625
12,BASELINE,3,2,16773.9924797128
12,BASELINE,3,3,14978.914873773669
12,BASELINE,3,5,14502.201990302228
12,BASELINE,3,7,14310.873213581404
12,BASELINE,3,9,12121.741982110065
12,BASELINE,4,1,19472.181374047625
12,BASELINE,4,2,17157.9924797128
12,BASELINE,4,3,15170.914873773669
12,BASELINE,4,5,14630.201990302228
12,BASELINE,4,7,14406.873213581404
12,BASELINE,4,9,12201.741982110065
12,BASELINE,5,1,20048.181374047625
12,BASELINE,5,2,17541.9924797128
12,BASELINE,5,3,15362.914873773669
12,BASELINE,5,5,14758.201990302228
12,BASELINE,5,7,14502.873213581404
12,BASELINE,5,9,12281.741982110065
12,BASELINE,6,1,20624.18137404762
12,BASELINE,6,2,17925.9924797128
12,BASELINE,6,3,15554.914873773669
12,BASELINE,6,5,14886.201990302228
12,BASELINE,6,7,14598.873213581404
12,BASELINE,6,9,12361.741982110065
12,BASELINE,7,1,21200.18137404762
12,BASELINE,7,2,18309.9924797128
12,BASELINE,7,3,15746.914873773669
12,BASELINE,7,5,15014.201990302228
12,BASELINE,7,7,14694.873213581404
12,BASELINE,7,9,12441.741982110065
12,BASELINE,8,1,21776.18137404762
12,BASELINE,8,2,18693.9924797128
12,BASELINE,8,3,15938.914873773669
12,BASELINE,8,5,15142.201990302228
12,BASELINE,8,7,14790.873213581404
12,BASELINE,8,9,12521.741982110065
12,BASELINE,9,1,22352.18137404762
12,BASELINE,9,2,19077.9924797128
12,BASELINE,9,3,16130.914873773669
12,BASELINE,9,5,15270.201990302228
12,BASELINE,9,7,14886.873213581404
12,BASELINE,9,9,12601.741982110065
12,BASELINE,10,1,22928.18137404762
12,BASELINE,10,2,19461.9924797128
12,BASELINE,10,3,16322.914873773669
12,BASELINE,10,5,15398.201990302228
12,BASELINE,10,7,14982.873213581404
12,BASELINE,10,9,12681.741982110065
12,L,1,1,18580.270018505013
12,L,1,2,18121.309993536222
12,L,1,3,15974.457370996406
12,L,1,5,15250.090967978102
12,L,1,7,14451.04516508816
12,L,1,9,13970.64914174432
12,L,2,1,19444.270018505013
12,L,2,2,18913.309993536233
12,L,2,3,16374.45737099641
12,L,2,5,15514.090967978102
12,L,2,7,14651.04516508816
12,L,2,9,14130.64914174432
12,L,3,1,20308.270018505013
12,L,3,2,19705.309993536233
12,L,3,3,16774.45737099641
12,L,3,5,15778.090967978102
12,L,3,7,14851.04516508816
12,L,3,9,14290.64914174432
12,L,4,1,21172.270018505013
12,L,4,2,20497.309993536222
12,L,4,3,17174.45737099641
12,L,4,5,16042.090967978102
12,L,4,7,15051.04516508816
12,L,4,9,14450.64914174432
12,L,5,1,22036.270018505013
12,L,5,2,21289.309993536222
12,L,5,3,17574.45737099641
12,L,5,5,16306.090967978098
12,L,5,7,15251.04516508816
12,L,5,9,14610.64914174432
12,L,6,1,22900.270018505013
12,L,6,2,22081.309993536222
12,L,6,3,17974.45737099641
12,L,6,5,16570.090967978096
12,L,6,7,15451.04516508816
12,L,6,9,14770.64914174432
12,L,7,1,23764.270018505005
12,L,7,2,22873.309993536222
12,L,7,3,18374.45737099641
12,L,7,5,16834.090967978096
12,L,7,7,15651.04516508816
12,L,7,9,14930.64914174432
12,L,8,1,24628.270018505005
12,L,8,2,23665.309993536222
12,L,8,3,18774.45737099641
12,L,8,5,17098.090967978096
12,L,8,7,15851.04516508816
12,L,8,9,15090.64914174432
12,L,9,1,25492.270018505005
12,L,9,2,24457.30999353622
12,L,9,3,19174.45737099641
12,L,9,5,17362.090967978096
12,L,9,7,16051.04516508816
12,L,9,9,15250.64914174432
12,L,10,1,26356.270018505005
12,L,10,2,25249.30999353622
12,L,10,3,19574.45737099641
12,L,10,5,17626.090967978096
12,L,10,7,16251.04516508816
12,L,10,9,15410.64914174432
12,T,1,1,19621.65868182843
12,T,1,2,17630.03505751363
12,T,1,3,15859.552558380934
12,T,1,5,15181.418945138535
12,T,1,7,14790.43603755718
12,T,1,9,14476.223738234452
12,T,2,1,20485.658681828427
12,T,2,2,18302.03505751362
12,T,2,3,16195.552558380934
12,T,2,5,15405.418945138535
12,T,2,7,14958.43603755718
12,T,2,9,14612.223738234452
12,T,3,1,21349.658681828423
12,T,3,2,18974.035057513625
12,T,3,3,16531.552558380932
12,T,3,5,15629.418945138535
12,T,3,7,15126.43603755718
12,T,3,9,14748.223738234452
12,T,4,1,22213.658681828427
12,T,4,2,19646.03505751362
12,T,4,3,16867.552558380932
12,T,4,5,15853.418945138535
12,T,4,7,15294.43603755718
12,T,4,9,14884.223738234452
12,T,5,1,23077.658681828427
12,T,5,2,20318.03505751362
12,T,5,3,17203.552558380932
12,T,5,5,16077.418945138535
12,T,5,7,15462.43603755718
12,T,5,9,15020.223738234452
12,T,6,1,23941.658681828427
12,T,6,2,20990.035057513614
12,T,6,3,17539.552558380932
12,T,6,5,16301.418945138535
12,T,6,7,15630.43603755718
12,T,6,9,15156.223738234452
12,T,7,1,24805.65868182842
12,T,7,2,21662.035057513614
12,T,7,3,17875.552558380936
12,T,7,5,16525.418945138535
12,T,7,7,15798.43603755718
12,T,7,9,15292.223738234452
12,T,8,1,25669.65868182842
12,T,8,2,22334.035057513614
12,T,8,3,18211.552558380936
12,T,8,5,16749.418945138535
12,T,8,7,15966.43603755718
12,T,8,9,15428.223738234452
12,T,9,1,26533.658681828423
12,T,9,2,23006.035057513614
12,T,9,3,18547.552558380936
12,T,9,5,16973.418945138535
12,T,9,7,16134.43603755718
12,T,9,9,15564.223738234452
12,T,10,1,27397.658681828423
12,T,10,2,23678.035057513614
12,T,10,3,18883.552558380936
12,T,10,5,17197.418945138535
12,T,10,7,16302.43603755718
12,T,10,9,15700.223738234452
13,BASELINE,1,1,20517.66882156049
13,BASELINE,1,2,18625.473442160644
13,BASELINE,1,3,17090.392353039162
13,BASELINE,1,5,16746.048142325537
13,BASELINE,1,7,16576.322760712137
13,BASELINE,1,9,13926.743087941915
13,BASELINE,2,1,21141.668821560495
13,BASELINE,2,2,19041.473442160644
13,BASELINE,2,3,17298.392353039162
13,BASELINE,2,5,16890.048142325537
13,BASELINE,2,7,16680.322760712137
13,BASELINE,2,9,14014.743087941915
13,BASELINE,3,1,21765.668821560495
13,BASELINE,3,2,19457.473442160644
13,BASELINE,3,3,17506.392353039162
13,BASELINE,3,5,17034.048142325537
13,BASELINE,3,7,16784.322760712137
13,BASELINE,3,9,14102.743087941915
13,BASELINE,4,1,22389.668821560495
13,BASELINE,4,2,19873.473442160644
13,BASELINE,4,3,17714.392353039162
13,BASELINE,4,5,17178.048142325537
13,BASELINE,4,7,16888.322760712137
13,BASELINE,4,9,14190.743087941915
13,BASELINE,5,1,23013.668821560495
13,BASELINE,5,2,20289.473442160644
13,BASELINE,5,3,17922.392353039162
13,BASELINE,5,5,17322.048142325537
13,BASELINE,5,7,16992.322760712137
13,BASELINE,5,9,14278.743087941915
13,BASELINE,6,1,23637.66882156049
13,BASELINE,6,2,20705.473442160644
13,BASELINE,6,3,18130.39235303916
13,BASELINE,6,5,17466.048142325537
13,BASELINE,6,7,17096.322760712137
13,BASELINE,6,9,14366.743087941915
13,BASELINE,7,1,24261.66882156049
13,BASELINE,7,2,21121.473442160644
13,BASELINE,7,3,18338.39235303916
13,BASELINE,7,5,17610.048142325533
13,BASELINE,7,7,17200.322760712137
13,BASELINE,7,9,14454.743087941915
13,BASELINE,8,1,24885.66882156049
13,BASELINE,8,2,21537.473442160644
13,BASELINE,8,3,18546.39235303916
13,BASELINE,8,5,17754.048142325533
13,BASELINE,8,7,17304.322760712137
13,BASELINE,8,9,14542.743087941915
13,BASELINE,9,1,25509.66882156049
13,BASELINE,9,2,21953.473442160644
13,BASELINE,9,3,18754.39235303916
13,BASELINE,9,5,17898.048142325533
13,BASELINE,9,7,17408.322760712137
13,BASELINE,9,9,14630.743087941915
13,BASELINE,10,1,26133.66882156049
13,BASELINE,10,2,22369.473442160644
13,BASELINE,10,3,18962.39235303916
13,BASELINE,10,5,18042.048142325533
13,BASELINE,10,7,17512.322760712137
13,BASELINE,10,9,14718.743087941915
13,L,1,1,21406.603881725565
13,L,1,2,20947.64385675678
13,L,1,3,18559.658219487646
13,L,1,5,17817.078184541464
13,L,1,7,16880.31843865029
13,L,1,9,16404.68062003249
13,L,2,1,22342.603881725565
13,L,2,2,21811.643856756786
13,L,2,3,18991.658219487646
13,L,2,5,18105.078184541464
13,L,2,7,17096.31843865029
13,L,2,9,16580.68062003249
13,L,3,1,23278.60388172556
13,L,3,2,22675.643856756786
13,L,3,3,19423.658219487646
13,L,3,5,18393.078184541464
13,L,3,7,17312.31843865029
13,L,3,9,16756.68062003249
13,L,4,1,24214.60388172556
13,L,4,2,23539.643856756775
13,L,4,3,19855.658219487646
13,L,4,5,18681.078184541464
13,L,4,7,17528.31843865029
13,L,4,9,16932.68062003249
13,L,5,1,25150.60388172556
13,L,5,2,24403.643856756775
13,L,5,3,20287.658219487646
13,L,5,5,18969.07818454146
13,L,5,7,17744.31843865029
13,L,5,9,17108.68062003249
13,L,6,1,26086.60388172556
13,L,6,2,25267.643856756775
13,L,6,3,20719.658219487646
13,L,6,5,19257.07818454146
13,L,6,7,17960.31843865029
13,L,6,9,17284.68062003249
13,L,7,1,27022.60388172555
13,L,7,2,26131.64385675678
13,L,7,3,21151.658219487646
13,L,7,5,19545.07818454146
13,L,7,7,18176.31843865029
13,L,7,9,17460.68062003249
13,L,8,1,27958.60388172555
13,L,8,2,26995.643856756775
13,L,8,3,21583.658219487646
13,L,8,5,19833.07818454146
13,L,8,7,18392.31843865029
13,L,8,9,17636.68062003249
13,L,9,1,28894.60388172555
13,L,9,2,27859.643856756767
13,L,9,3,22015.658219487646
13,L,9,5,20121.07818454146
13,L,9,7,18608.31843865029
13,L,9,9,17812.68062003249
13,L,10,1,29830.60388172555
13,L,10,2,28723.643856756767
13,L,10,3,22447.658219487646
13,L,10,5,20409.07818454146
13,L,10,7,18824.31843865029
13,L,10,9,17988.68062003249
13,T,1,1,22587.458809248245
13,T,1,2,20387.519896846286
13,T,1,3,18503.037397713593
13,T,1,5,17769.699630733852
13,T,1,7,17319.117460644542
13,T,1,9,16992.40169635987
13,T,2,1,23523.45880924824
13,T,2,2,21115.51989684628
13,T,2,3,18871.037397713593
13,T,2,5,18017.699630733852
13,T,2,7,17503.117460644542
13,T,2,9,17144.40169635987
13,T,3,1,24459.458809248237
13,T,3,2,21843.519896846283
13,T,3,3,19239.037397713593
13,T,3,5,18265.699630733852
13,T,3,7,17687.117460644542
13,T,3,9,17296.40169635987
13,T,4,1,25395.45880924824
13,T,4,2,22571.51989684628
13,T,4,3,19607.037397713593
13,T,4,5,18513.699630733852
13,T,4,7,17871.117460644542
13,T,4,9,17448.40169635987
13,T,5,1,26331.45880924824
13,T,5,2,23299.51989684628
13,T,5,3,19975.037397713593
13,T,5,5,18761.699630733852
13,T,5,7,18055.117460644546
13,T,5,9,17600.40169635987
13,T,6,1,27267.45880924824
13,T,6,2,24027.519896846272
13,T,6,3,20343.037397713593
13,T,6,5,19009.699630733852
13,T,6,7,18239.117460644546
13,T,6,9,17752.40169635987
13,T,7,1,28203.458809248234
13,T,7,2,24755.519896846272
13,T,7,3,20711.037397713597
13,T,7,5,19257.699630733852
13,T,7,7,18423.117460644546
13,T,7,9,17904.40169635987
13,T,8,1,29139.458809248234
13,T,8,2,25483.519896846276
13,T,8,3,21079.037397713597
13,T,8,5,19505.699630733852
13,T,8,7,18607.117460644546
13,T,8,9,18056.40169635987
13,T,9,1,30075.458809248237
13,T,9,2,26211.519896846276
13,T,9,3,21447.037397713597
13,T,9,5,19753.699630733852
13,T,9,7,18791.117460644546
13,T,9,9,18208.40169635987
13,T,10,1,31011.458809248237
13,T,10,2,26939.519896846276
13,T,10,3,21815.037397713597
13,T,10,5,20001.699630733852
13,T,10,7,18975.117460644546
13,T,10,9,18360.40169635987
14,BASELINE,1,1,23491.11840510481
14,BASELINE,1,2,21444.762748485045
14,BASELINE,1,3,19785.525956531877
14,BASELINE,1,5,19373.205555676668
14,BASELINE,1,7,19233.43255434644
14,BASELINE,1,9,16252.904377849914
14,BASELINE,2,1,24163.118405104815
14,BASELINE,2,2,21892.762748485045
14,BASELINE,2,3,20009.525956531877
14,BASELINE,2,5,19525.205555676668
14,BASELINE,2,7,19345.43255434644
14,BASELINE,2,9,16348.904377849914
14,BASELINE,3,1,24835.118405104815
14,BASELINE,3,2,22340.762748485045
14,BASELINE,3,3,20233.525956531877
14,BASELINE,3,5,19677.205555676668
14,BASELINE,3,7,19457.43255434644
14,BASELINE,3,9,16444.904377849914
14,BASELINE,4,1,25507.118405104815
14,BASELINE,4,2,22788.762748485045
14,BASELINE,4,3,20457.525956531877
14,BASELINE,4,5,19829.205555676668
14,BASELINE,4,7,19569.43255434644
14,BASELINE,4,9,16540.904377849914
14,BASELINE,5,1,26179.118405104815
14,BASELINE,5,2,23236.762748485045
14,BASELINE,5,3,20681.525956531877
14,BASELINE,5,5,19981.205555676668
14,BASELINE,5,7,19681.43255434644
14,BASELINE,5,9,16636.904377849914
14,BASELINE,6,1,26851.11840510481
14,BASELINE,6,2,23684.762748485045
14,BASELINE,6,3,20905.525956531877
14,BASELINE,6,5,20133.205555676668
14,BASELINE,6,7,19793.43255434644
14,BASELINE,6,9,16732.904377849914
14,BASELINE,7,1,27523.11840510481
14,BASELINE,7,2,24132.762748485045
14,BASELINE,7,3,21129.525956531877
14,BASELINE,7,5,20285.205555676665
14,BASELINE,7,7,19905.43255434644
14,BASELINE,7,9,16828.904377849914
14,BASELINE,8,1,28195.11840510481
14,BASELINE,8,2,24580.762748485045
14,BASELINE,8,3,21353.525956531877
14,BASELINE,8,5,20437.205555676665
14,BASELINE,8,7,20017.43255434644
14,BASELINE,8,9,16924.904377849914
14,BASELINE,9,1,28867.11840510481
14,BASELINE,9,2,25028.762748485045
14,BASELINE,9,3,21577.525956531877
14,BASELINE,9,5,20589.205555676665
14,BASELINE,9,7,20129.43255434644
14,BASELINE,9,9,17020.904377849914
14,BASELINE,10,1,29539.11840510481
14,BASELINE,10,2,25476.762748485045
14,BASELINE,10,3,21801.525956531877
14,BASELINE,10,5,20741.205555676665
14,BASELINE,10,7,20241.43255434644
14,BASELINE,10,9,17116.904377849914
14,L,1,1,24432.604780252543
14,L,1,2,23973.64475528376
14,L,1,3,21429.398769535823
14,L,1,5,20583.69050812111
14,L,1,7,19662.839414997925
14,L,1,9,19082.742971572337
14,L,2,1,25440.604780252543
14,L,2,2,24909.644755283764
14,L,2,3,21901.398769535823
14,L,2,5,20895.69050812111
14,L,2,7,19902.839414997925
14,L,2,9,19274.742971572337
14,L,3,1,26448.604780252543
14,L,3,2,25845.644755283764
14,L,3,3,22373.398769535823
14,L,3,5,21207.69050812111
14,L,3,7,20142.839414997925
14,L,3,9,19466.742971572337
14,L,4,1,27456.604780252543
14,L,4,2,26781.644755283756
14,L,4,3,22845.398769535823
14,L,4,5,21519.69050812111
14,L,4,7,20382.839414997925
14,L,4,9,19658.742971572337
14,L,5,1,28464.604780252543
14,L,5,2,27717.644755283756
14,L,5,3,23317.398769535823
14,L,5,5,21831.690508121108
14,L,5,7,20622.839414997925
14,L,5,9,19850.742971572337
14,L,6,1,29472.604780252543
14,L,6,2,28653.644755283756
14,L,6,3,23789.398769535823
14,L,6,5,22143.690508121108
14,L,6,7,20862.839414997925
14,L,6,9,20042.742971572337
14,L,7,1,30480.604780252535
14,L,7,2,29589.64475528376
14,L,7,3,24261.398769535823
14,L,7,5,22455.690508121108
14,L,7,7,21102.839414997925
14,L,7,9,20234.742971572337
14,L,8,1,31488.604780252535
14,L,8,2,30525.644755283756
14,L,8,3,24733.398769535823
14,L,8,5,22767.690508121108
14,L,8,7,21342.839414997925
14,L,8,9,20426.742971572337
14,L,9,1,32496.604780252535
14,L,9,2,31461.64475528375
14,L,9,3,25205.398769535823
14,L,9,5,23079.690508121108
14,L,9,7,21582.839414997925
14,L,9,9,20618.742971572337
14,L,10,1,33504.604780252535
14,L,10,2,32397.64475528375
14,L,10,3,25677.398769535823
14,L,10,5,23391.690508121108
14,L,10,7,21822.839414997925
14,L,10,9,20810.742971572337
14,T,1,1,25700.827215273563
14,T,1,2,23344.888302871605
14,T,1,3,21278.795111172178
14,T,1,5,20498.161290225216
14,T,1,7,20024.015902373852
14,T,1,9,19690.425206289092
14,T,2,1,26708.82721527356
14,T,2,2,24128.888302871597
14,T,2,3,21670.795111172178
14,T,2,5,20762.161290225216
14,T,2,7,20224.015902373852
14,T,2,9,19850.425206289092
14,T,3,1,27716.827215273555
14,T,3,2,24912.8883028716
14,T,3,3,22062.795111172178
14,T,3,5,21026.161290225216
14,T,3,7,20424.015902373845
14,T,3,9,20010.425206289092
14,T,4,1,28724.82721527356
14,T,4,2,25696.888302871597
14,T,4,3,22454.795111172178
14,T,4,5,21290.161290225216
14,T,4,7,20624.015902373845
14,T,4,9,20170.425206289092
14,T,5,1,29732.82721527356
14,T,5,2,26480.888302871597
14,T,5,3,22846.795111172178
14,T,5,5,21554.161290225216
14,T,5,7,20824.015902373845
14,T,5,9,20330.425206289092
14,T,6,1,30740.82721527356
14,T,6,2,27264.88830287159
14,T,6,3,23238.795111172178
14,T,6,5,21818.161290225216
14,T,6,7,21024.015902373845
14,T,6,9,20490.425206289092
14,T,7,1,31748.82721527355
14,T,7,2,28048.88830287159
14,T,7,3,23630.795111172178
14,T,7,5,22082.161290225216
14,T,7,7,21224.015902373845
14,T,7,9,20650.425206289092
14,T,8,1,32756.82721527355
14,T,8,2,28832.888302871594
14,T,8,3,24022.795111172178
14,T,8,5,22346.161290225216
14,T,8,7,21424.015902373845
14,T,8,9,20810.425206289092
14,T,9,1,33764.82721527355
14,T,9,2,29616.888302871594
14,T,9,3,24414.795111172178
14,T,9,5,22610.161290225216
14,T,9,7,21624.015902373845
14,T,9,9,20970.425206289092
14,T,10,1,34772.82721527355
14,T,10,2,30400.888302871594
14,T,10,3,24806.795111172178
14,T,10,5,22874.161290225216
14,T,10,7,21824.015902373845
14,T,10,9,21130.425206289092
15,BASELINE,1,1,26664.53619858305
15,BASELINE,1,2,24463.887868948434
15,BASELINE,1,3,22680.364704888565
15,BASELINE,1,5,22257.42988609942
15,BASELINE,1,7,22090.250766135046
15,BASELINE,1,9,18550.189086092305
15,BASELINE,2,1,27384.536198583053
15,BASELINE,2,2,24943.887868948434
15,BASELINE,2,3,22920.364704888565
15,BASELINE,2,5,22417.42988609942
15,BASELINE,2,7,22210.250766135046
15,BASELINE,2,9,18646.189086092305
15,BASELINE,3,1,28104.536198583053
15,BASELINE,3,2,25423.887868948434
15,BASELINE,3,3,23160.364704888565
15,BASELINE,3,5,22577.42988609942
15,BASELINE,3,7,22330.250766135046
15,BASELINE,3,9,18742.189086092305
15,BASELINE,4,1,28824.536198583053
15,BASELINE,4,2,25903.887868948434
15,BASELINE,4,3,23400.364704888565
15,BASELINE,4,5,22737.42988609942
15,BASELINE,4,7,22450.250766135046
15,BASELINE,4,9,18838.189086092305
15,BASELINE,5,1,29544.536198583053
15,BASELINE,5,2,26383.887868948434
15,BASELINE,5,3,23640.364704888565
15,BASELINE,5,5,22897.42988609942
15,BASELINE,5,7,22570.250766135046
15,BASELINE,5,9,18934.189086092305
15,BASELINE,6,1,30264.53619858305
15,BASELINE,6,2,26863.887868948434
15,BASELINE,6,3,23880.364704888565
15,BASELINE,6,5,23057.42988609942
15,BASELINE,6,7,22690.250766135046
15,BASELINE,6,9,19030.189086092305
15,BASELINE,7,1,30984.53619858305
15,BASELINE,7,2,27343.887868948434
15,BASELINE,7,3,24120.364704888565
15,BASELINE,7,5,23217.42988609942
15,BASELINE,7,7,22810.250766135046
15,BASELINE,7,9,19126.189086092305
15,BASELINE,8,1,31704.53619858305
15,BASELINE,8,2,27823.887868948434
15,BASELINE,8,3,24360.364704888565
15,BASELINE,8,5,23377.42988609942
15,BASELINE,8,7,22930.250766135046
15,BASELINE,8,9,19222.189086092305
15,BASELINE,9,1,32424.53619858305
15,BASELINE,9,2,28303.887868948434
15,BASELINE,9,3,24600.364704888565
15,BASELINE,9,5,23537.42988609942
15,BASELINE,9,7,23050.250766135046
15,BASELINE,9,9,19318.189086092305
15,BASELINE,10,1,33144.536198583046
15,BASELINE,10,2,28783.887868948434
15,BASELINE,10,3,24840.364704888565
15,BASELINE,10,5,23697.42988609942
15,BASELINE,10,7,23170.250766135046
15,BASELINE,10,9,19414.189086092305
15,L,1,1,27658.3201716774
15,L,1,2,27199.360146708612
15,L,1,3,24413.932325298345
15,L,1,5,23549.98161769893
15,L,1,7,22548.478795589577
15,L,1,9,21970.0974873657
15,L,2,1,28738.3201716774
15,L,2,2,28207.360146708612
15,L,2,3,24917.932325298345
15,L,2,5,23885.98161769893
15,L,2,7,22804.478795589577
15,L,2,9,22178.0974873657
15,L,3,1,29818.32017167739
15,L,3,2,29215.360146708612
15,L,3,3,25421.932325298345
15,L,3,5,24221.98161769893
15,L,3,7,23060.478795589577
15,L,3,9,22386.0974873657
15,L,4,1,30898.32017167739
15,L,4,2,30223.360146708605
15,L,4,3,25925.932325298345
15,L,4,5,24557.98161769893
15,L,4,7,23316.478795589577
15,L,4,9,22594.0974873657
15,L,5,1,31978.32017167739
15,L,5,2,31231.360146708605
15,L,5,3,26429.932325298345
15,L,5,5,24893.98161769892
15,L,5,7,23572.478795589577
15,L,5,9,22802.0974873657
15,L,6,1,33058.32017167739
15,L,6,2,32239.360146708605
15,L,6,3,26933.932325298345
15,L,6,5,25229.98161769892
15,L,6,7,23828.478795589577
15,L,6,9,23010.0974873657
15,L,7,1,34138.320171677384
15,L,7,2,33247.36014670861
15,L,7,3,27437.932325298345
15,L,7,5,25565.98161769892
15,L,7,7,24084.478795589577
15,L,7,9,23218.0974873657
15,L,8,1,35218.3201716774
15,L,8,2,34255.360146708605
15,L,8,3,27941.932325298345
15,L,8,5,25901.98161769892
15,L,8,7,24340.478795589577
15,L,8,9,23426.0974873657
15,L,9,1,36298.3201716774
15,L,9,2,35263.36014670861
15,L,9,3,28445.932325298345
15,L,9,5,26237.98161769892
15,L,9,7,24596.478795589577
15,L,9,9,23634.0974873657
15,L,10,1,37378.3201716774
15,L,10,2,36271.36014670861
15,L,10,3,28949.932325298345
15,L,10,5,26573.98161769892
15,L,10,7,24852.478795589577
15,L,10,9,23842.0974873657
15,T,1,1,29014.09611536228
15,T,1,2,26502.157202960323
15,T,1,3,24322.064011260903
15,T,1,5,23437.166472553075
15,T,1,7,22936.46775034931
15,T,1,9,22550.70167120964
15,T,2,1,30094.096115362277
15,T,2,2,27342.157202960316
15,T,2,3,24746.064011260903
15,T,2,5,23717.166472553075
15,T,2,7,23152.46775034931
15,T,2,9,22718.70167120964
15,T,3,1,31174.09611536227
15,T,3,2,28182.15720296032
15,T,3,3,25170.064011260903
15,T,3,5,23997.166472553075
15,T,3,7,23368.467750349315
15,T,3,9,22886.70167120964
15,T,4,1,32254.096115362277
15,T,4,2,29022.157202960316
15,T,4,3,25594.064011260903
15,T,4,5,24277.166472553075
15,T,4,7,23584.467750349308
15,T,4,9,23054.70167120964
15,T,5,1,33334.09611536228
15,T,5,2,29862.157202960316
15,T,5,3,26018.064011260903
15,T,5,5,24557.166472553075
15,T,5,7,23800.467750349308
15,T,5,9,23222.70167120964
15,T,6,1,34414.09611536228
15,T,6,2,30702.15720296031
15,T,6,3,26442.064011260903
15,T,6,5,24837.166472553075
15,T,6,7,24016.467750349308
15,T,6,9,23390.70167120964
15,T,7,1,35494.096115362285
15,T,7,2,31542.15720296031
15,T,7,3,26866.064011260903
15,T,7,5,25117.166472553075
15,T,7,7,24232.467750349308
15,T,7,9,23558.70167120964
15,T,8,1,36574.096115362285
15,T,8,2,32382.157202960312
15,T,8,3,27290.064011260903
15,T,8,5,25397.166472553075
15,T,8,7,24448.467750349308
15,T,8,9,23726.70167120964
15,T,9,1,37654.096115362285
15,T,9,2,33222.15720296031
15,T,9,3,27714.064011260903
15,T,9,5,25677.166472553075
15,T,9,7,24664.467750349308
15,T,9,9,23894.70167120964
15,T,10,1,38734.096115362285
15,T,10,2,34062.15720296031
15,T,10,3,28138.064011260903
15,T,10,5,25957.166472553075
15,T,10,7,24880.467750349308
15,T,10,9,24062.70167120964
16,BASELINE,1,1,30037.9258634866
16,BASELINE,1,2,27682.87076580146
16,BASELINE,1,3,25774.947839682733
16,BASELINE,1,5,25356.758880856534
16,BASELINE,1,7,25146.816006627807
16,BASELINE,1,9,21008.538178114428
16,BASELINE,2,1,30805.92586348661
16,BASELINE,2,2,28194.87076580146
16,BASELINE,2,3,26030.947839682733
16,BASELINE,2,5,25532.758880856534
16,BASELINE,2,7,25274.816006627807
16,BASELINE,2,9,21112.538178114428
16,BASELINE,3,1,31573.92586348661
16,BASELINE,3,2,28706.87076580146
16,BASELINE,3,3,26286.947839682733
16,BASELINE,3,5,25708.758880856534
16,BASELINE,3,7,25402.816006627807
16,BASELINE,3,9,21216.538178114428
16,BASELINE,4,1,32341.92586348661
16,BASELINE,4,2,29218.87076580146
16,BASELINE,4,3,26542.947839682733
16,BASELINE,4,5,25884.758880856534
16,BASELINE,4,7,25530.816006627807
16,BASELINE,4,9,21320.538178114428
16,BASELINE,5,1,33109.925863486606
16,BASELINE,5,2,29730.87076580146
16,BASELINE,5,3,26798.947839682733
16,BASELINE,5,5,26060.758880856534
16,BASELINE,5,7,25658.816006627807
16,BASELINE,5,9,21424.538178114428
16,BASELINE,6,1,33877.925863486606
16,BASELINE,6,2,30242.87076580146
16,BASELINE,6,3,27054.947839682733
16,BASELINE,6,5,26236.758880856534
16,BASELINE,6,7,25786.816006627807
16,BASELINE,6,9,21528.538178114428
16,BASELINE,7,1,34645.925863486606
16,BASELINE,7,2,30754.87076580146
16,BASELINE,7,3,27310.947839682733
16,BASELINE,7,5,26412.75888085653
16,BASELINE,7,7,25914.816006627807
16,BASELINE,7,9,21632.538178114428
16,BASELINE,8,1,35413.925863486606
16,BASELINE,8,2,31266.87076580146
16,BASELINE,8,3,27566.947839682733
16,BASELINE,8,5,26588.75888085653
16,BASELINE,8,7,26042.816006627807
16,BASELINE,8,9,21736.538178114428
16,BASELINE,9,1,36181.925863486606
16,BASELINE,9,2,31778.87076580146
16,BASELINE,9,3,27822.947839682733
16,BASELINE,9,5,26764.75888085653
16,BASELINE,9,7,26170.816006627807
16,BASELINE,9,9,21840.538178114428
16,BASELINE,10,1,36949.925863486606
16,BASELINE,10,2,32290.87076580146
16,BASELINE,10,3,28078.947839682733
16,BASELINE,10,5,26940.75888085653
16,BASELINE,10,7,26298.816006627807
16,BASELINE,10,9,21944.538178114428
16,L,1,1,31083.788051757452
16,L,1,2,30624.828026788666
16,L,1,3,27683.09867986802
16,L,1,5,26715.99444165766
16,L,1,7,25597.186283281655
16,L,1,9,25014.75676304028
16,L,2,1,32235.788051757452
16,L,2,2,31704.828026788666
16,L,2,3,28227.098679868024
16,L,2,5,27075.99444165766
16,L,2,7,25869.186283281655
16,L,2,9,25230.75676304028
16,L,3,1,33387.788051757445
16,L,3,2,32784.828026788666
16,L,3,3,28771.098679868024
16,L,3,5,27435.99444165766
16,L,3,7,26141.186283281655
16,L,3,9,25446.75676304028
16,L,4,1,34539.78805175746
16,L,4,2,33864.82802678866
16,L,4,3,29315.098679868024
16,L,4,5,27795.99444165766
16,L,4,7,26413.186283281655
16,L,4,9,25662.75676304028
16,L,5,1,35691.78805175746
16,L,5,2,34944.82802678867
16,L,5,3,29859.098679868024
16,L,5,5,28155.994441657655
16,L,5,7,26685.186283281655
16,L,5,9,25878.75676304028
16,L,6,1,36843.78805175746
16,L,6,2,36024.82802678867
16,L,6,3,30403.098679868024
16,L,6,5,28515.994441657655
16,L,6,7,26957.186283281655
16,L,6,9,26094.75676304028
16,L,7,1,37995.78805175745
16,L,7,2,37104.82802678868
16,L,7,3,30947.098679868024
16,L,7,5,28875.994441657655
16,L,7,7,27229.186283281655
16,L,7,9,26310.75676304028
16,L,8,1,39147.78805175747
16,L,8,2,38184.82802678867
16,L,8,3,31491.098679868024
16,L,8,5,29235.994441657655
16,L,8,7,27501.186283281655
16,L,8,9,26526.75676304028
16,L,9,1,40299.78805175747
16,L,9,2,39264.82802678868
16,L,9,3,32035.098679868024
16,L,9,5,29595.994441657655
16,L,9,7,27773.186283281655
16,L,9,9,26742.75676304028
16,L,10,1,41451.78805175747
16,L,10,2,40344.82802678868
16,L,10,3,32579.098679868024
16,L,10,5,29955.994441657655
16,L,10,7,28045.186283281655
16,L,10,9,26958.75676304028
16,T,1,1,32527.31906646987
16,T,1,2,29859.340084127547
16,T,1,3,27497.586751405594
16,T,1,5,26625.032690117547
16,T,1,7,26059.57305666812
16,T,1,9,25681.757717737342
16,T,2,1,33679.31906646987
16,T,2,2,30755.34008412754
16,T,2,3,27945.586751405594
16,T,2,5,26929.032690117547
16,T,2,7,26283.57305666812
16,T,2,9,25865.757717737342
16,T,3,1,34831.31906646987
16,T,3,2,31651.340084127543
16,T,3,3,28393.586751405594
16,T,3,5,27233.032690117547
16,T,3,7,26507.57305666812
16,T,3,9,26049.757717737342
16,T,4,1,35983.31906646988
16,T,4,2,32547.34008412754
16,T,4,3,28841.586751405594
16,T,4,5,27537.032690117547
16,T,4,7,26731.57305666812
16,T,4,9,26233.757717737342
16,T,5,1,37135.31906646988
16,T,5,2,33443.340084127536
16,T,5,3,29289.586751405594
16,T,5,5,27841.032690117547
16,T,5,7,26955.57305666812
16,T,5,9,26417.757717737342
16,T,6,1,38287.31906646988
16,T,6,2,34339.340084127536
16,T,6,3,29737.586751405594
16,T,6,5,28145.032690117547
16,T,6,7,27179.57305666812
16,T,6,9,26601.757717737342
16,T,7,1,39439.319066469885
16,T,7,2,35235.34008412754
16,T,7,3,30185.586751405594
16,T,7,5,28449.032690117547
16,T,7,7,27403.57305666812
16,T,7,9,26785.757717737342
16,T,8,1,40591.319066469885
16,T,8,2,36131.34008412754
16,T,8,3,30633.586751405594
16,T,8,5,28753.032690117547
16,T,8,7,27627.57305666812
16,T,8,9,26969.757717737342
16,T,9,1,41743.319066469885
16,T,9,2,37027.34008412754
16,T,9,3,31081.586751405594
16,T,9,5,29057.032690117547
16,T,9,7,27851.57305666812
16,T,9,9,27153.757717737342
16,T,10,1,42895.319066469885
16,T,10,2,37923.34008412754
16,T,10,3,31529.586751405594
16,T,10,5,29361.032690117547
16,T,10,7,28075.57305666812
16,T,10,9,27337.757717737342
17,BASELINE,1,1,33611.29141990179
17,BASELINE,1,2,31101.729272894627
17,BASELINE,1,3,29069.30726110064
17,BASELINE,1,5,28583.13403304787
17,BASELINE,1,7,28403.159697272284
17,BASELINE,1,9,23722.18145691863
17,BASELINE,2,1,34427.2914199018
17,BASELINE,2,2,31645.729272894627
17,BASELINE,2,3,29341.30726110064
17,BASELINE,2,5,28767.13403304787
17,BASELINE,2,7,28539.159697272284
17,BASELINE,2,9,23834.18145691863
17,BASELINE,3,1,35243.2914199018
17,BASELINE,3,2,32189.729272894627
17,BASELINE,3,3,29613.30726110064
17,BASELINE,3,5,28951.13403304787
17,BASELINE,3,7,28675.159697272284
17,BASELINE,3,9,23946.18145691863
17,BASELINE,4,1,36059.2914199018
17,BASELINE,4,2,32733.729272894627
17,BASELINE,4,3,29885.30726110064
17,BASELINE,4,5,29135.13403304787
17,BASELINE,4,7,28811.159697272284
17,BASELINE,4,9,24058.18145691863
17,BASELINE,5,1,36875.2914199018
17,BASELINE,5,2,33277.72927289463
17,BASELINE,5,3,30157.30726110064
17,BASELINE,5,5,29319.13403304787
17,BASELINE,5,7,28947.159697272284
17,BASELINE,5,9,24170.18145691863
17,BASELINE,6,1,37691.29141990179
17,BASELINE,6,2,33821.72927289463
17,BASELINE,6,3,30429.30726110064
17,BASELINE,6,5,29503.13403304787
17,BASELINE,6,7,29083.159697272284
17,BASELINE,6,9,24282.18145691863
17,BASELINE,7,1,38507.29141990179
17,BASELINE,7,2,34365.72927289463
17,BASELINE,7,3,30701.30726110064
17,BASELINE,7,5,29687.134033047863
17,BASELINE,7,7,29219.159697272284
17,BASELINE,7,9,24394.18145691863
17,BASELINE,8,1,39323.29141990179
17,BASELINE,8,2,34909.72927289463
17,BASELINE,8,3,30973.30726110064
17,BASELINE,8,5,29871.134033047863
17,BASELINE,8,7,29355.159697272284
17,BASELINE,8,9,24506.18145691863
17,BASELINE,9,1,40139.29141990179
17,BASELINE,9,2,35453.72927289463
17,BASELINE,9,3,31245.30726110064
17,BASELINE,9,5,30055.134033047863
17,BASELINE,9,7,29491.159697272284
17,BASELINE,9,9,24618.18145691863
17,BASELINE,10,1,40955.29141990179
17,BASELINE,10,2,35997.72927289463
17,BASELINE,10,3,31517.30726110064
17,BASELINE,10,5,30239.134033047863
17,BASELINE,10,7,29627.159697272284
17,BASELINE,10,9,24730.18145691863
17,L,1,1,34709.039310885324
17,L,1,2,34250.07928591653
17,L,1,3,31067.132915698978
17,L,1,5,30081.76384714719
17,L,1,7,28825.032555006823
17,L,1,9,28209.387067113905
17,L,2,1,35933.03931088533
17,L,2,2,35402.079285916545
17,L,2,3,31643.132915698978
17,L,2,5,30465.76384714719
17,L,2,7,29113.032555006823
17,L,2,9,28441.387067113905
17,L,3,1,37157.03931088533
17,L,3,2,36554.079285916545
17,L,3,3,32219.132915698978
17,L,3,5,30849.76384714719
17,L,3,7,29401.032555006823
17,L,3,9,28673.387067113905
17,L,4,1,38381.03931088534
17,L,4,2,37706.07928591654
17,L,4,3,32795.132915698974
17,L,4,5,31233.76384714719
17,L,4,7,29689.032555006823
17,L,4,9,28905.387067113905
17,L,5,1,39605.03931088534
17,L,5,2,38858.07928591655
17,L,5,3,33371.132915698974
17,L,5,5,31617.763847147187
17,L,5,7,29977.032555006823
17,L,5,9,29137.387067113905
17,L,6,1,40829.03931088534
17,L,6,2,40010.07928591655
17,L,6,3,33947.132915698974
17,L,6,5,32001.763847147187
17,L,6,7,30265.032555006823
17,L,6,9,29369.387067113905
17,L,7,1,42053.03931088533
17,L,7,2,41162.07928591656
17,L,7,3,34523.13291569897
17,L,7,5,32385.763847147187
17,L,7,7,30553.032555006823
17,L,7,9,29601.387067113905
17,L,8,1,43277.039310885346
17,L,8,2,42314.07928591655
17,L,8,3,35099.13291569897
17,L,8,5,32769.76384714719
17,L,8,7,30841.032555006823
17,L,8,9,29833.387067113905
17,L,9,1,44501.039310885346
17,L,9,2,43466.07928591656
17,L,9,3,35675.13291569897
17,L,9,5,33153.76384714719
17,L,9,7,31129.032555006823
17,L,9,9,30065.387067113905
17,L,10,1,45725.039310885346
17,L,10,2,44618.07928591656
17,L,10,3,36251.13291569897
17,L,10,5,33537.76384714719
17,L,10,7,31417.032555006823
17,L,10,9,30297.387067113905
17,T,1,1,36293.051106123865
17,T,1,2,33416.447865973416
17,T,1,3,30940.694533251462
17,T,1,5,29953.03413469486
17,T,1,7,29387.58310467388
17,T,1,9,28935.098446958207
17,T,2,1,37517.05110612386
17,T,2,2,34368.44786597341
17,T,2,3,31420.694533251462
17,T,2,5,30273.03413469486
17,T,2,7,29627.58310467388
17,T,2,9,29127.098446958207
17,T,3,1,38741.05110612386
17,T,3,2,35320.44786597342
17,T,3,3,31900.694533251462
17,T,3,5,30593.03413469486
17,T,3,7,29867.58310467388
17,T,3,9,29319.098446958207
17,T,4,1,39965.051106123865
17,T,4,2,36272.447865973416
17,T,4,3,32380.694533251462
17,T,4,5,30913.03413469486
17,T,4,7,30107.58310467388
17,T,4,9,29511.098446958207
17,T,5,1,41189.051106123865
17,T,5,2,37224.447865973416
17,T,5,3,32860.694533251466
17,T,5,5,31233.03413469486
17,T,5,7,30347.58310467388
17,T,5,9,29703.098446958207
17,T,6,1,42413.051106123865
17,T,6,2,38176.447865973416
17,T,6,3,33340.694533251466
17,T,6,5,31553.03413469486
17,T,6,7,30587.58310467388
17,T,6,9,29895.098446958207
17,T,7,1,43637.05110612387
17,T,7,2,39128.44786597342
17,T,7,3,33820.694533251466
17,T,7,5,31873.03413469486
17,T,7,7,30827.58310467388
17,T,7,9,30087.098446958207
17,T,8,1,44861.05110612387
17,T,8,2,40080.44786597342
17,T,8,3,34300.694533251466
17,T,8,5,32193.03413469486
17,T,8,7,31067.58310467388
17,T,8,9,30279.098446958207
17,T,9,1,46085.05110612387
17,T,9,2,41032.44786597342
17,T,9,3,34780.694533251466
17,T,9,5,32513.03413469486
17,T,9,7,31307.58310467388
17,T,9,9,30471.098446958207
17,T,10,1,47309.05110612387
17,T,10,2,41984.44786597342
17,T,10,3,35260.694533251466
17,T,10,5,32833.034134694855
17,T,10,7,31547.58310467388
17,T,10,9,30663.098446958207
18,BASELINE,1,1,37384.63525886695
18,BASELINE,1,2,34720.478068973585
18,BASELINE,1,3,32563.469250931077
18,BASELINE,1,5,32067.305979154255
18,BASELINE,1,7,31859.30775010895
18,BASELINE,1,9,26486.6192528043
18,BASELINE,2,1,38248.63525886695
18,BASELINE,2,2,35296.478068973585
18,BASELINE,2,3,32851.46925093108
18,BASELINE,2,5,32259.305979154255
18,BASELINE,2,7,32003.30775010895
18,BASELINE,2,9,26606.6192528043
18,BASELINE,3,1,39112.63525886695
18,BASELINE,3,2,35872.478068973585
18,BASELINE,3,3,33139.46925093108
18,BASELINE,3,5,32451.305979154255
18,BASELINE,3,7,32147.30775010895
18,BASELINE,3,9,26726.6192528043
18,BASELINE,4,1,39976.63525886695
18,BASELINE,4,2,36448.478068973585
18,BASELINE,4,3,33427.46925093108
18,BASELINE,4,5,32643.305979154255
18,BASELINE,4,7,32291.30775010895
18,BASELINE,4,9,26846.6192528043
18,BASELINE,5,1,40840.63525886695
18,BASELINE,5,2,37024.478068973585
18,BASELINE,5,3,33715.46925093108
18,BASELINE,5,5,32835.305979154255
18,BASELINE,5,7,32435.30775010895
18,BASELINE,5,9,26966.6192528043
18,BASELINE,6,1,41704.63525886694
18,BASELINE,6,2,37600.478068973585
18,BASELINE,6,3,34003.46925093108
18,BASELINE,6,5,33027.305979154255
18,BASELINE,6,7,32579.30775010895
18,BASELINE,6,9,27086.6192528043
18,BASELINE,7,1,42568.63525886694
18,BASELINE,7,2,38176.478068973585
18,BASELINE,7,3,34291.46925093108
18,BASELINE,7,5,33219.305979154255
18,BASELINE,7,7,32723.30775010895
18,BASELINE,7,9,27206.6192528043
18,BASELINE,8,1,43432.63525886694
18,BASELINE,8,2,38752.478068973585
18,BASELINE,8,3,34579.46925093108
18,BASELINE,8,5,33411.305979154255
18,BASELINE,8,7,32867.30775010895
18,BASELINE,8,9,27326.6192528043
18,BASELINE,9,1,44296.63525886694
18,BASELINE,9,2,39328.478068973585
18,BASELINE,9,3,34867.46925093108
18,BASELINE,9,5,33603.305979154255
18,BASELINE,9,7,33011.30775010895
18,BASELINE,9,9,27446.6192528043
18,BASELINE,10,1,45160.63525886694
18,BASELINE,10,2,39904.478068973585
18,BASELINE,10,3,35155.46925093108
18,BASELINE,10,5,33795.305979154255
18,BASELINE,10,7,33155.30775010895
18,BASELINE,10,9,27566.6192528043
18,L,1,1,38534.099400488856
18,L,1,2,38075.13937552006
18,L,1,3,34735.86107025682
18,L,1,5,33647.31853843318
18,L,1,7,32406.219473973168
18,L,1,9,31642.48185323586
18,L,2,1,39830.09940048886
18,L,2,2,39299.13937552008
18,L,2,3,35351.861070256826
18,L,2,5,34055.31853843318
18,L,2,7,32718.219473973168
18,L,2,9,31890.48185323586
18,L,3,1,41126.099400488856
18,L,3,2,40523.13937552008
18,L,3,3,35967.861070256826
18,L,3,5,34463.31853843318
18,L,3,7,33030.219473973164
18,L,3,9,32138.48185323586
18,L,4,1,42422.09940048887
18,L,4,2,41747.13937552007
18,L,4,3,36583.861070256826
18,L,4,5,34871.318538433174
18,L,4,7,33342.219473973164
18,L,4,9,32386.48185323586
18,L,5,1,43718.09940048887
18,L,5,2,42971.13937552008
18,L,5,3,37199.861070256826
18,L,5,5,35279.318538433174
18,L,5,7,33654.219473973164
18,L,5,9,32634.48185323586
18,L,6,1,45014.09940048887
18,L,6,2,44195.13937552008
18,L,6,3,37815.861070256826
18,L,6,5,35687.318538433174
18,L,6,7,33966.219473973164
18,L,6,9,32882.48185323586
18,L,7,1,46310.09940048886
18,L,7,2,45419.13937552009
18,L,7,3,38431.86107025682
18,L,7,5,36095.318538433174
18,L,7,7,34278.219473973164
18,L,7,9,33130.48185323586
18,L,8,1,47606.09940048888
18,L,8,2,46643.13937552008
18,L,8,3,39047.861070256826
18,L,8,5,36503.318538433174
18,L,8,7,34590.21947397317
18,L,8,9,33378.48185323586
18,L,9,1,48902.09940048888
18,L,9,2,47867.13937552009
18,L,9,3,39663.861070256826
18,L,9,5,36911.318538433174
18,L,9,7,34902.21947397317
18,L,9,9,33626.48185323586
18,L,10,1,50198.09940048888
18,L,10,2,49091.13937552009
18,L,10,3,40279.861070256826
18,L,10,5,37319.318538433174
18,L,10,7,35214.21947397317
18,L,10,9,33874.48185323586
18,T,1,1,40206.128178188665
18,T,1,2,37173.48951332431
18,T,1,3,34516.037708602475
18,T,1,5,33491.82922783827
18,T,1,7,32892.0110016172
18,T,1,9,32450.5964358795
18,T,2,1,41502.12817818866
18,T,2,2,38181.489513324304
18,T,2,3,35020.03770860247
18,T,2,5,33827.82922783827
18,T,2,7,33148.0110016172
18,T,2,9,32658.5964358795
18,T,3,1,42798.12817818866
18,T,3,2,39189.48951332432
18,T,3,3,35524.03770860247
18,T,3,5,34163.82922783827
18,T,3,7,33404.01100161719
18,T,3,9,32866.5964358795
18,T,4,1,44094.128178188665
18,T,4,2,40197.48951332431
18,T,4,3,36028.03770860247
18,T,4,5,34499.82922783827
18,T,4,7,33660.01100161719
18,T,4,9,33074.5964358795
18,T,5,1,45390.128178188665
18,T,5,2,41205.48951332431
18,T,5,3,36532.03770860247
18,T,5,5,34835.829227838265
18,T,5,7,33916.01100161719
18,T,5,9,33282.5964358795
18,T,6,1,46686.128178188665
18,T,6,2,42213.48951332431
18,T,6,3,37036.03770860247
18,T,6,5,35171.829227838265
18,T,6,7,34172.01100161719
18,T,6,9,33490.5964358795
18,T,7,1,47982.12817818867
18,T,7,2,43221.48951332432
18,T,7,3,37540.03770860247
18,T,7,5,35507.829227838265
18,T,7,7,34428.01100161719
18,T,7,9,33698.5964358795
18,T,8,1,49278.12817818867
18,T,8,2,44229.48951332432
18,T,8,3,38044.03770860247
18,T,8,5,35843.829227838265
18,T,8,7,34684.01100161719
18,T,8,9,33906.5964358795
18,T,9,1,50574.12817818867
18,T,9,2,45237.48951332432
18,T,9,3,38548.03770860247
18,T,9,5,36179.829227838265
18,T,9,7,34940.01100161719
18,T,9,9,34114.5964358795
18,T,10,1,51870.12817818867
18,T,10,2,46245.48951332432
18,T,10,3,39052.03770860247
18,T,10,5,36515.829227838265
18,T,10,7,35196.01100161719
18,T,10,9,34322.5964358795
